City_ID,City,Country,Date,Lat,Lng,Max Temp,Humidity,Cloudiness,Wind Speed
<<<<<<< HEAD
0,Punta Arenas,CL,2020-08-23 03:03:05,-53.15,-70.92,33.8,74,1,16.11
1,Ostrovnoy,RU,2020-08-23 03:03:05,68.05,39.51,58.69,75,68,15.9
2,Mataura,NZ,2020-08-23 03:03:05,-46.19,168.86,57.0,73,95,5.01
3,Herat,AF,2020-08-23 03:03:06,34.5,62.0,69.8,16,20,5.26
4,Naberera,TZ,2020-08-23 03:03:07,-4.2,36.93,56.16,87,100,8.08
5,Saint-Philippe,RE,2020-08-23 03:03:07,-21.36,55.77,69.8,55,33,8.05
6,Rikitea,PF,2020-08-23 03:03:07,-23.12,-134.97,67.1,74,100,19.35
7,Sal Rei,CV,2020-08-23 03:03:08,16.18,-22.92,78.8,94,40,2.24
8,Agadez,NE,2020-08-23 03:03:08,19.75,10.25,90.43,38,100,11.92
9,Nikolskoye,RU,2020-08-23 03:03:09,59.7,30.79,59.0,93,90,8.95
10,Albany,US,2020-08-23 03:00:29,42.6,-73.97,73.99,66,1,3.91
11,Beloha,MG,2020-08-23 02:59:24,-25.17,45.05,62.24,84,0,12.39
12,Katherine,AU,2020-08-23 03:03:10,-14.47,132.27,87.8,16,0,14.99
13,Ushuaia,AR,2020-08-23 03:03:11,-54.8,-68.3,41.0,48,15,18.34
14,Martin,US,2020-08-23 03:03:11,27.08,-80.42,84.99,74,40,13.87
15,Kodiak,US,2020-08-23 03:03:11,57.79,-152.41,62.6,67,1,3.36
16,Bredasdorp,ZA,2020-08-23 03:03:12,-34.53,20.04,48.2,93,25,6.93
17,Murashi,RU,2020-08-23 03:03:12,59.4,48.96,54.39,93,0,4.9
18,Khatanga,RU,2020-08-23 03:03:13,71.97,102.5,61.84,50,4,10.02
19,Asau,RO,2020-08-23 03:03:13,46.43,26.4,55.99,97,0,1.97
20,Boyolangu,ID,2020-08-23 03:03:13,-8.12,111.89,84.02,61,30,9.53
21,Rawson,AR,2020-08-23 03:03:14,-43.3,-65.1,56.55,38,0,17.07
22,Ust-Kalmanka,RU,2020-08-23 03:03:14,52.12,83.31,61.36,65,99,5.19
23,Yellowknife,CA,2020-08-23 02:58:46,62.46,-114.35,59.0,58,40,10.29
24,Busselton,AU,2020-08-23 03:03:15,-33.65,115.33,64.0,56,17,11.79
25,Narsaq,GL,2020-08-23 03:03:16,60.92,-46.05,42.8,75,0,4.7
26,Ambilobe,MG,2020-08-23 03:03:16,-13.2,49.05,62.08,74,88,3.8
27,Butaritari,KI,2020-08-23 03:03:17,3.07,172.79,83.17,65,98,7.38
28,Port Alfred,ZA,2020-08-23 03:03:17,-33.59,26.89,57.27,85,0,11.5
29,Senno,RU,2020-08-23 03:03:18,59.53,33.92,60.22,71,99,9.15
30,Port Hedland,AU,2020-08-23 03:03:18,-20.32,118.57,91.4,10,0,11.41
31,Cape Town,ZA,2020-08-23 03:03:18,-33.93,18.42,46.0,100,22,3.36
32,Dikson,RU,2020-08-23 03:03:19,73.51,80.55,48.13,75,88,9.35
33,Cayenne,GF,2020-08-23 03:03:19,4.93,-52.33,75.2,100,6,5.88
34,Hasaki,JP,2020-08-23 03:03:20,35.73,140.83,80.01,94,75,6.93
35,Avarua,CK,2020-08-23 03:03:20,-21.21,-159.78,77.0,69,1,8.05
36,Bluff,NZ,2020-08-23 03:03:16,-46.6,168.33,57.0,73,85,5.01
37,Morrinhos,BR,2020-08-23 03:03:21,-17.73,-49.1,59.81,85,54,6.13
38,Thompson,CA,2020-08-23 03:03:21,55.74,-97.86,51.8,71,75,3.36
39,Ghanzi,BW,2020-08-23 03:03:23,-21.57,21.78,50.45,87,0,8.81
40,Ereymentau,KZ,2020-08-23 03:03:23,51.62,73.1,58.44,69,71,10.45
41,Little Current,CA,2020-08-23 03:03:23,45.98,-81.92,68.0,94,20,5.82
42,La Asuncion,VE,2020-08-23 03:03:24,11.03,-63.86,82.4,83,77,11.41
43,Hilo,US,2020-08-23 03:00:09,19.73,-155.09,84.2,66,90,6.93
44,Desnogorsk,RU,2020-08-23 03:03:25,54.15,33.28,52.5,91,69,4.59
45,Trairi,BR,2020-08-23 03:03:25,-3.28,-39.27,77.7,82,20,14.9
46,Cherskiy,RU,2020-08-23 03:03:26,68.75,161.3,35.83,94,100,21.09
47,Vaini,TO,2020-08-23 03:03:08,-21.2,-175.2,80.6,83,20,13.87
48,Purpe,RU,2020-08-23 03:03:27,64.48,76.69,57.99,91,63,15.97
49,Puerto Ayora,EC,2020-08-23 03:03:28,-0.74,-90.35,64.99,95,73,4.0
50,Vieksniai,LT,2020-08-23 03:03:28,56.23,22.52,64.4,93,34,8.05
51,Namibe,AO,2020-08-23 03:03:28,-15.2,12.15,62.71,84,1,5.86
52,Popova,RU,2020-08-23 03:03:29,42.96,131.72,73.4,73,75,4.47
53,Chuy,UY,2020-08-23 03:03:29,-33.7,-53.46,45.21,75,0,5.97
54,Arraial Do Cabo,BR,2020-08-23 03:03:18,-22.97,-42.03,65.97,66,68,11.68
55,Hithadhoo,MV,2020-08-23 03:03:30,-0.6,73.08,83.34,79,8,14.61
56,Carutapera,BR,2020-08-23 03:03:30,-1.2,-46.02,76.24,91,0,4.38
57,East London,ZA,2020-08-23 03:03:31,-33.02,27.91,60.42,65,0,10.2
58,Jamestown,US,2020-08-23 02:59:04,42.1,-79.24,69.8,73,1,1.63
59,Lorengau,PG,2020-08-23 03:03:31,-2.02,147.27,83.86,74,9,2.35
60,New Norfolk,AU,2020-08-23 03:01:07,-42.78,147.06,53.01,87,57,1.99
61,Bethel,US,2020-08-23 03:03:32,41.37,-73.41,71.6,83,1,4.7
62,Ribeira Grande,PT,2020-08-23 03:03:33,38.52,-28.7,72.57,86,99,8.34
63,Moose Factory,CA,2020-08-23 03:03:33,51.26,-80.61,53.6,81,90,5.82
64,Iqaluit,CA,2020-08-23 03:01:06,63.75,-68.51,41.0,93,75,3.36
65,Llanes,ES,2020-08-23 03:03:34,43.42,-4.75,61.0,98,8,3.0
66,Upernavik,GL,2020-08-23 03:03:34,72.79,-56.15,44.08,71,88,5.32
67,Vila Velha,BR,2020-08-23 02:59:51,-20.33,-40.29,62.6,93,90,19.46
68,Lavrentiya,RU,2020-08-23 03:03:35,65.58,-171.0,46.99,94,100,6.55
69,Nsanje,MW,2020-08-23 03:03:35,-16.92,35.26,61.5,89,31,4.09
70,Flin Flon,CA,2020-08-23 03:03:36,54.77,-101.86,56.68,61,76,10.76
71,Atambua,ID,2020-08-23 03:03:36,-9.11,124.89,85.75,35,8,4.21
72,Kapuskasing,CA,2020-08-23 03:00:10,49.42,-82.43,60.8,82,75,4.29
73,Nemuro,JP,2020-08-23 03:02:33,43.32,145.57,73.4,64,75,10.29
74,Barrow,US,2020-08-23 03:03:37,71.29,-156.79,42.8,87,90,20.8
75,Srednekolymsk,RU,2020-08-23 03:03:37,67.45,153.68,36.77,94,100,9.71
76,Tura,IN,2020-08-23 03:03:38,25.52,90.22,79.48,89,2,4.47
77,Makakilo City,US,2020-08-23 03:01:36,21.35,-158.09,89.6,49,1,5.82
78,Leningradskiy,RU,2020-08-23 03:03:38,69.38,178.42,51.67,70,41,6.08
79,Ensley,US,2020-08-23 03:03:39,30.52,-87.27,82.4,74,20,10.29
80,Ulladulla,AU,2020-08-23 03:03:25,-35.35,150.47,57.2,41,33,19.46
81,Torbay,CA,2020-08-23 03:03:40,47.67,-52.73,61.0,77,20,13.87
82,Faya,SA,2020-08-23 03:00:20,18.39,42.45,68.0,72,22,3.49
83,Manggar,ID,2020-08-23 03:03:40,-2.88,108.27,84.4,73,89,13.02
84,Ayan,RU,2020-08-23 03:03:41,56.45,138.17,61.66,56,26,1.12
85,Mitsamiouli,KM,2020-08-23 03:03:41,-11.38,43.28,76.53,70,100,12.53
86,Bafra,TR,2020-08-23 03:03:42,41.57,35.91,71.6,78,20,13.87
87,Fortuna,US,2020-08-23 03:03:42,40.6,-124.16,61.0,87,1,10.29
88,Numan,NG,2020-08-23 03:03:43,9.47,12.03,74.17,95,100,2.42
89,Mar Del Plata,AR,2020-08-23 03:03:43,-38.0,-57.56,51.01,57,0,8.05
90,Castro,BR,2020-08-23 03:03:43,-24.79,-50.01,40.1,89,0,6.04
91,Kavieng,PG,2020-08-23 03:03:44,-2.57,150.8,81.1,75,100,1.61
92,Havre-Saint-Pierre,CA,2020-08-23 03:03:45,50.23,-63.6,50.0,93,20,6.93
93,Atuona,PF,2020-08-23 03:03:45,-9.8,-139.03,78.62,77,4,17.65
94,Harper,LR,2020-08-23 03:03:45,4.38,-7.72,75.54,88,77,12.1
95,Radinac,RS,2020-08-23 03:03:46,44.63,20.97,68.0,77,0,2.24
96,Gamba,GA,2020-08-23 03:03:46,-2.65,10.0,72.3,88,80,5.88
97,Carnarvon,AU,2020-08-23 03:03:47,-24.87,113.63,73.4,46,99,19.46
98,Souillac,MU,2020-08-23 03:03:47,-20.52,57.52,69.8,83,75,8.05
99,Kahului,US,2020-08-23 03:03:47,20.89,-156.47,87.8,55,40,18.34
100,Bambous Virieux,MU,2020-08-23 03:03:48,-20.34,57.76,69.8,83,75,8.05
101,Kapaa,US,2020-08-23 03:03:48,22.08,-159.32,86.0,62,20,13.87
102,Necochea,AR,2020-08-23 03:02:05,-38.55,-58.74,46.0,61,0,13.0
103,Petropavl,KZ,2020-08-23 03:03:49,54.88,69.16,55.4,93,90,6.71
104,Hamilton,US,2020-08-23 03:00:59,39.18,-84.53,71.6,88,1,1.52
105,Hobart,AU,2020-08-23 03:03:50,-42.88,147.33,53.01,81,75,18.34
106,Wasilla,US,2020-08-23 03:01:18,61.58,-149.44,71.6,49,20,5.82
107,Mount Pleasant,US,2020-08-23 03:03:51,32.79,-79.86,82.4,94,40,7.25
108,Wloclawek,PL,2020-08-23 03:03:51,52.65,19.07,61.68,94,73,6.08
109,Chokurdakh,RU,2020-08-23 02:59:51,70.63,147.92,39.81,75,100,8.25
110,Ugoofaaru,MV,2020-08-23 03:03:52,5.67,73.0,83.62,67,67,4.12
111,Dingle,PH,2020-08-23 03:03:52,11.0,122.67,86.86,66,100,3.89
112,Tuktoyaktuk,CA,2020-08-23 03:03:53,69.45,-133.04,51.8,81,20,12.75
113,Port Elizabeth,ZA,2020-08-23 03:03:53,-33.92,25.57,55.4,93,75,5.82
114,Moree,AU,2020-08-23 03:03:54,-29.47,149.85,57.2,41,40,17.22
115,Zamora,EC,2020-08-23 03:03:54,-4.07,-78.96,67.82,73,100,2.53
116,Pisco,PE,2020-08-23 03:01:18,-13.7,-76.22,60.8,87,90,14.99
117,Raton,US,2020-08-23 03:03:55,36.9,-104.44,78.8,22,1,16.11
118,Ban Phai,TH,2020-08-23 03:03:55,16.06,102.73,80.6,88,40,5.82
119,Kikwit,CD,2020-08-23 03:03:55,-5.04,18.82,75.79,76,76,2.82
120,Namatanai,PG,2020-08-23 03:03:56,-3.67,152.43,81.36,79,86,3.27
121,Nanortalik,GL,2020-08-23 03:03:56,60.14,-45.24,43.93,81,0,0.87
122,Pacific Grove,US,2020-08-23 03:03:57,36.62,-121.92,69.8,64,1,4.7
123,Valle De Allende,MX,2020-08-23 02:59:45,26.93,-105.4,73.58,50,61,6.06
124,Lompoc,US,2020-08-23 03:03:23,34.64,-120.46,71.01,68,1,6.93
125,Tasiilaq,GL,2020-08-23 03:03:58,65.61,-37.64,41.0,75,0,6.93
126,Burnie,AU,2020-08-23 03:02:50,-41.07,145.92,55.0,51,58,18.01
127,Lebu,CL,2020-08-23 03:03:58,-37.62,-73.65,48.04,87,0,3.65
128,Linxia,CN,2020-08-23 03:02:55,35.6,103.21,58.75,85,100,3.91
129,Zapolyarnyy,RU,2020-08-23 03:03:59,69.42,30.81,59.0,87,51,18.34
130,Mogadishu,SO,2020-08-23 03:01:09,2.04,45.34,75.96,81,92,15.21
131,Hermanus,ZA,2020-08-23 03:04:00,-34.42,19.23,54.0,84,19,9.13
132,Mocuba,MZ,2020-08-23 03:04:00,-16.84,36.99,63.46,87,84,4.0
133,Fare,PF,2020-08-23 03:04:01,-16.7,-151.02,76.48,80,32,20.02
134,Glendive,US,2020-08-23 03:04:01,47.11,-104.71,84.2,26,1,9.17
135,Imbituba,BR,2020-08-23 03:04:02,-28.24,-48.67,51.8,81,28,1.12
136,Norman Wells,CA,2020-08-23 03:04:02,65.28,-126.83,69.8,46,20,11.41
137,Katangli,RU,2020-08-23 03:04:02,51.71,143.23,59.31,88,81,9.33
138,Thunder Bay,CA,2020-08-23 03:00:42,48.4,-89.32,66.0,100,90,4.7
139,Safaga,EG,2020-08-23 03:04:03,26.73,33.94,82.4,45,0,9.17
140,Soma,TR,2020-08-23 03:04:03,39.19,27.61,77.0,88,0,7.16
141,North Bend,US,2020-08-23 03:04:04,43.41,-124.22,68.0,72,1,20.8
142,Oriximina,BR,2020-08-23 03:00:38,-1.77,-55.87,83.98,47,83,2.01
143,Cidreira,BR,2020-08-23 03:04:05,-30.18,-50.21,54.21,77,0,7.34
144,Coihaique,CL,2020-08-23 03:01:43,-45.58,-72.07,46.4,65,100,6.93
145,Katsuura,JP,2020-08-23 03:04:05,35.13,140.3,81.0,79,100,1.99
146,Miraflores,MX,2020-08-23 03:04:06,19.22,-98.81,66.2,55,5,17.22
147,Pokhara,NP,2020-08-23 03:03:02,28.23,83.98,77.38,75,47,2.93
148,Caravelas,BR,2020-08-23 03:04:07,-17.71,-39.25,69.8,91,100,16.55
149,Ponta Do Sol,PT,2020-08-23 03:04:07,32.67,-17.1,73.4,73,20,13.87
150,Omboue,GA,2020-08-23 03:04:08,-1.57,9.26,73.02,82,99,5.77
151,Victoria,HK,2020-08-23 03:04:09,22.29,114.16,91.99,59,21,5.99
152,Ketchikan,US,2020-08-23 03:04:09,55.34,-131.65,55.4,100,90,13.87
153,Pangnirtung,CA,2020-08-23 03:04:10,66.15,-65.71,49.08,67,34,1.12
154,Moranbah,AU,2020-08-23 03:04:11,-22.0,148.05,68.95,24,0,9.53
155,Bambanglipuro,ID,2020-08-23 03:04:11,-7.95,110.28,85.23,62,26,11.45
156,Vatava,RO,2020-08-23 03:04:12,46.97,24.77,57.2,93,0,3.56
157,Itarema,BR,2020-08-23 03:04:12,-2.92,-39.92,77.13,85,8,15.23
158,Esperance,AU,2020-08-23 03:00:08,-33.87,121.9,60.8,82,63,13.87
159,Kurilsk,RU,2020-08-23 03:04:13,45.23,147.88,63.97,55,100,10.71
160,Miramar,US,2020-08-23 03:04:13,25.99,-80.23,86.0,79,1,9.17
161,Tuatapere,NZ,2020-08-23 03:04:14,-46.13,167.68,57.0,73,95,5.01
162,Havelock,US,2020-08-23 03:04:14,34.88,-76.9,81.0,78,1,4.7
163,Stornoway,GB,2020-08-23 03:04:14,58.21,-6.39,51.01,93,29,8.05
164,Tamandare,BR,2020-08-23 03:04:15,-8.76,-35.1,73.71,84,0,7.72
165,Deputatskiy,RU,2020-08-23 03:04:16,69.3,139.9,36.63,82,99,2.53
166,Kloulklubed,PW,2020-08-23 03:04:16,7.04,134.26,84.06,62,15,1.34
167,Yulara,AU,2020-08-23 03:04:16,-25.24,130.99,69.8,26,0,8.05
168,Puerto Escondido,MX,2020-08-23 03:04:17,15.85,-97.07,80.6,77,100,3.65
169,Maltahohe,NA,2020-08-23 03:04:17,-24.83,16.98,41.16,68,0,2.53
170,Mamallapuram,IN,2020-08-23 03:04:17,12.63,80.17,82.4,83,75,6.93
171,Wagar,SD,2020-08-23 03:04:18,16.15,36.2,81.09,59,16,12.88
172,Severo-Kurilsk,RU,2020-08-23 03:04:18,50.68,156.12,56.97,59,8,11.61
173,Lat Yao,TH,2020-08-23 03:04:19,15.75,99.79,85.89,69,92,6.87
174,Salalah,OM,2020-08-23 03:02:27,17.02,54.09,75.2,100,90,6.93
175,Micco,US,2020-08-23 03:04:19,27.88,-80.5,82.0,84,100,10.85
176,Tarapur,IN,2020-08-23 03:04:20,19.85,72.7,81.77,84,100,20.2
177,Palmerston,AU,2020-08-23 03:04:20,-12.49,130.98,91.0,33,0,10.29
178,Novochernorechenskiy,RU,2020-08-23 03:04:21,56.27,91.08,61.16,74,0,5.03
179,Batemans Bay,AU,2020-08-23 03:03:49,-35.72,150.18,62.01,46,43,5.99
180,Husavik,IS,2020-08-23 03:04:22,66.04,-17.34,44.6,87,72,1.81
181,Broome,US,2020-08-23 03:04:22,42.25,-75.83,71.6,73,1,4.7
182,Petropavlovsk-Kamchatskiy,RU,2020-08-23 03:04:23,53.05,158.65,66.2,39,18,17.9
183,Lauria,IT,2020-08-23 03:04:23,40.05,15.84,73.0,52,0,1.23
184,Sao Joao Da Barra,BR,2020-08-23 03:02:43,-21.64,-41.05,64.45,77,61,12.26
185,Kargasok,RU,2020-08-23 03:04:24,59.06,80.86,56.71,93,99,5.61
186,Sitka,US,2020-08-23 02:59:48,57.05,-135.33,59.0,82,90,4.7
187,Sao Filipe,CV,2020-08-23 03:04:25,14.9,-24.5,78.71,79,35,3.4
188,Turukhansk,RU,2020-08-23 03:04:25,65.82,87.98,56.75,93,100,6.89
189,Codrington,AU,2020-08-23 03:04:26,-38.27,141.97,51.03,68,92,18.97
190,Shellbrook,CA,2020-08-23 03:04:27,53.22,-106.4,69.8,77,40,9.17
191,Leshukonskoye,RU,2020-08-23 03:04:27,64.9,45.76,56.86,93,21,4.38
192,Aykhal,RU,2020-08-23 03:04:27,66.0,111.5,55.4,50,0,2.24
193,Provideniya,RU,2020-08-23 03:04:28,64.38,-173.3,52.14,79,100,5.77
194,Ust-Kulom,RU,2020-08-23 03:04:28,61.69,53.69,52.65,83,14,2.73
195,Sao Paulo De Olivenca,BR,2020-08-23 03:04:29,-3.38,-68.87,66.29,73,68,1.9
196,Gravdal,NO,2020-08-23 03:04:29,68.12,13.5,56.5,88,83,14.05
197,Praia,CV,2020-08-23 03:04:02,14.92,-23.51,80.6,74,20,3.36
198,Poum,NC,2020-08-23 03:04:30,-20.23,164.02,72.72,72,86,12.86
199,Zhigansk,RU,2020-08-23 03:04:30,66.77,123.37,48.74,57,70,20.29
200,Dunedin,NZ,2020-08-23 03:03:12,-45.87,170.5,48.99,93,100,1.99
201,Rawlins,US,2020-08-23 03:04:31,41.79,-107.24,81.0,13,1,5.82
202,Menongue,AO,2020-08-23 03:04:32,-14.66,17.69,55.96,51,0,4.7
203,Hami,CN,2020-08-23 03:04:32,42.8,93.45,83.57,18,1,8.48
204,Gigmoto,PH,2020-08-23 03:02:03,13.78,124.39,88.45,62,87,7.67
205,Nuristan,AF,2020-08-23 03:04:33,35.3,70.83,52.39,45,0,1.39
206,Kisiwani,TZ,2020-08-23 03:04:34,-4.13,37.95,62.31,86,84,0.98
207,Sorland,NO,2020-08-23 03:04:34,67.67,12.69,56.7,87,89,21.43
208,Asifabad,IN,2020-08-23 03:04:34,19.37,79.28,80.83,79,77,8.3
209,Constitucion,CL,2020-08-23 03:04:35,-35.33,-72.42,52.75,84,100,18.05
210,Bonthe,SL,2020-08-23 03:04:35,7.53,-12.51,76.3,89,95,6.82
211,Murgab,TM,2020-08-23 03:04:36,37.5,61.97,71.6,40,0,4.7
212,Kawalu,ID,2020-08-23 03:04:36,-7.38,108.21,83.84,59,36,4.21
213,Bilma,NE,2020-08-23 03:04:36,18.69,12.92,90.16,40,48,7.7
214,Chirongui,YT,2020-08-23 03:04:37,-12.93,45.15,69.8,88,78,1.12
215,Samfya,ZM,2020-08-23 03:04:37,-11.36,29.56,56.52,84,28,8.19
216,Soller,ES,2020-08-23 03:04:37,39.77,2.72,78.8,74,0,4.7
217,Qaanaaq,GL,2020-08-23 03:04:38,77.48,-69.36,37.31,86,100,2.19
218,Sobolevo,RU,2020-08-23 03:04:38,54.43,31.9,52.16,89,97,7.85
219,Waingapu,ID,2020-08-23 03:04:39,-9.66,120.26,86.9,43,0,14.81
220,Adrar,MR,2020-08-23 03:04:39,20.5,-10.07,95.52,11,27,4.12
221,Ukiah,US,2020-08-23 03:04:40,39.15,-123.21,89.6,31,1,6.93
222,Sisimiut,GL,2020-08-23 03:04:40,66.94,-53.67,46.24,82,20,2.01
223,Yatou,CN,2020-08-23 03:04:41,37.15,122.38,79.61,79,28,8.37
224,Cabo San Lucas,MX,2020-08-23 03:00:51,22.89,-109.91,82.4,65,5,6.93
225,Ilulissat,GL,2020-08-23 03:04:41,69.22,-51.1,39.2,86,0,4.03
226,Port Augusta,AU,2020-08-23 03:04:42,-32.5,137.77,55.4,62,75,8.05
227,Beyneu,KZ,2020-08-23 03:04:42,45.32,55.2,69.35,41,94,23.96
228,Hervey Bay,AU,2020-08-23 03:04:43,-25.3,152.85,70.0,20,0,14.99
229,Ancud,CL,2020-08-23 03:04:43,-41.87,-73.82,46.99,100,40,9.17
230,Vila Franca Do Campo,PT,2020-08-23 03:04:43,37.72,-25.43,68.0,88,20,2.24
231,Moerai,PF,2020-08-23 03:04:44,-22.43,-151.33,70.93,69,0,15.3
232,Tromso,NO,2020-08-23 03:04:44,69.65,18.96,53.6,93,90,9.17
233,Clifton Springs,AU,2020-08-23 03:04:44,-38.15,144.57,51.01,100,90,18.34
234,Grigoropolisskaya,RU,2020-08-23 03:04:45,45.3,41.06,65.08,58,88,6.98
235,Meulaboh,ID,2020-08-23 03:04:45,4.14,96.13,82.45,68,73,1.68
236,Gat,IL,2020-08-23 03:00:05,31.61,34.76,75.99,32,2,3.0
237,Calbuco,CL,2020-08-23 03:04:46,-41.77,-73.13,42.8,100,90,3.36
238,Saldanha,ZA,2020-08-23 03:04:46,-33.01,17.94,42.8,87,2,2.24
239,Alofi,NU,2020-08-23 03:04:47,-19.06,-169.92,80.6,74,42,16.11
240,Lincoln,US,2020-08-23 03:00:25,40.8,-96.67,80.6,65,1,3.36
241,Podlesnoye,RU,2020-08-23 03:04:47,51.82,47.01,53.92,84,0,5.21
242,Tiassale,CI,2020-08-23 03:04:48,5.9,-4.83,73.65,92,95,3.18
243,Leibnitz,AT,2020-08-23 03:04:48,46.78,15.54,66.99,93,100,1.97
244,Meadow Lake,US,2020-08-23 03:04:49,34.8,-106.54,89.6,15,75,12.75
245,Flagstaff,US,2020-08-23 03:04:23,35.2,-111.65,72.0,35,1,6.93
246,Kingston,JM,2020-08-23 03:00:04,18.0,-76.79,84.2,79,20,2.24
247,Hobyo,SO,2020-08-23 03:04:50,5.35,48.53,75.33,81,74,19.04
248,Ishigaki,JP,2020-08-23 03:00:05,24.34,124.16,82.4,88,75,14.99
249,Palma,ES,2020-08-23 03:04:51,39.57,2.65,79.0,74,4,4.7
250,Saint George,US,2020-08-23 03:04:33,37.1,-113.58,98.6,23,1,9.17
251,Anadyr,RU,2020-08-23 03:04:51,64.75,177.48,55.4,76,40,15.66
252,Murindo,CO,2020-08-23 03:04:52,6.98,-76.75,74.7,94,100,2.71
253,Gallipoli,TR,2020-08-23 03:04:53,40.41,26.67,69.8,73,0,3.36
254,Yalta,UA,2020-08-23 03:04:53,44.5,34.17,69.82,69,1,3.15
255,Waipawa,NZ,2020-08-23 03:04:54,-41.41,175.52,57.2,76,49,3.36
256,Farsund,NO,2020-08-23 03:04:54,58.09,6.8,62.01,86,45,9.4
257,Dubai,AE,2020-08-23 03:00:06,25.26,55.3,91.4,66,15,13.87
258,Mayumba,GA,2020-08-23 03:04:55,-3.43,10.66,72.73,88,11,5.7
259,Payakumbuh,ID,2020-08-23 03:04:55,-0.22,100.63,80.15,74,100,2.19
260,Iskateley,RU,2020-08-23 03:04:56,67.68,53.15,52.32,81,100,5.88
261,Grand-Santi,GF,2020-08-23 03:04:56,4.25,-54.38,74.37,79,0,2.82
262,Touros,BR,2020-08-23 03:04:56,-5.2,-35.46,73.4,94,40,3.36
263,Kununurra,AU,2020-08-23 03:03:02,-15.77,128.73,93.2,12,0,14.99
264,Tecoanapa,MX,2020-08-23 03:04:57,16.52,-98.75,79.68,84,100,3.06
265,Shache,CN,2020-08-23 03:04:58,38.42,77.24,83.71,18,0,3.94
266,Banda Aceh,ID,2020-08-23 03:04:58,5.56,95.32,84.0,67,51,5.95
267,Matara,LK,2020-08-23 03:04:59,5.95,80.54,83.16,74,52,4.27
268,Tornio,FI,2020-08-23 03:04:59,65.85,24.15,62.6,93,90,9.17
269,College,US,2020-08-23 03:04:59,64.86,-147.8,73.4,38,40,2.84
270,Vila Do Maio,CV,2020-08-23 03:05:00,15.13,-23.22,80.6,74,20,3.36
271,Oranjemund,NA,2020-08-23 03:05:00,-28.55,16.43,54.77,69,0,3.87
272,Hofn,IS,2020-08-23 03:03:04,64.25,-15.21,49.33,62,0,7.45
273,Defiance,US,2020-08-23 03:01:47,41.33,-84.45,72.0,60,1,3.29
274,Grand Gaube,MU,2020-08-23 03:05:01,-20.01,57.66,68.0,82,62,4.0
275,Half Moon Bay,US,2020-08-23 03:04:12,37.46,-122.43,78.01,93,1,4.97
276,Wanning,CN,2020-08-23 03:05:02,18.8,110.4,89.1,60,25,1.19
277,Kuopio,FI,2020-08-23 03:05:02,62.89,27.68,62.6,93,90,9.17
278,Tanout,NE,2020-08-23 03:05:03,14.97,8.89,81.12,55,98,12.95
279,Lagos,NG,2020-08-23 03:02:08,6.58,3.75,77.0,88,40,3.36
280,Ocos,GT,2020-08-23 03:05:04,14.51,-92.19,75.2,100,90,5.86
281,Xichang,CN,2020-08-23 03:05:04,27.9,102.26,76.23,62,70,3.51
282,Baie-Comeau,CA,2020-08-23 03:05:05,49.22,-68.15,57.2,76,90,1.97
283,Columbus,US,2020-08-23 03:03:30,39.96,-83.0,72.0,100,1,2.3
284,Sao Lourenco Do Sul,BR,2020-08-23 03:05:05,-31.37,-51.98,48.29,79,0,5.64
285,Nalut,LY,2020-08-23 03:02:06,30.33,10.85,71.96,41,0,9.71
286,Lagoa,PT,2020-08-23 03:03:03,39.05,-27.98,72.36,83,34,11.54
287,Lala,PH,2020-08-23 03:05:06,7.97,123.75,92.37,53,50,3.06
288,San Carlos,VE,2020-08-23 03:05:07,9.66,-68.58,71.85,96,100,2.21
289,Tiksi,RU,2020-08-23 03:05:07,71.69,128.87,41.72,89,100,1.28
290,Aksu,CN,2020-08-23 03:05:08,41.12,80.26,81.57,29,0,5.32
291,Cancun,MX,2020-08-23 03:03:42,21.17,-86.85,81.0,88,75,3.36
292,Saint-Felicien,CA,2020-08-23 03:05:08,48.65,-72.45,57.2,87,75,5.82
293,Zhob,PK,2020-08-23 03:05:09,31.34,69.45,78.06,63,1,2.26
294,Muros,ES,2020-08-23 03:05:09,42.78,-9.06,59.0,92,0,5.23
295,Biak,ID,2020-08-23 03:05:10,-0.91,122.88,82.96,61,6,8.32
296,Pevek,RU,2020-08-23 03:05:10,69.7,170.31,38.1,97,100,4.79
297,Mae Sai,TH,2020-08-23 03:05:10,20.43,99.88,78.8,94,75,4.7
298,Mitu,CO,2020-08-23 03:05:11,1.2,-70.17,68.59,94,69,2.44
299,Ilebo,CD,2020-08-23 03:05:11,-4.32,20.58,70.88,89,95,3.09
300,Darab,IR,2020-08-23 03:05:12,28.75,54.54,82.51,50,0,4.54
301,Willowmore,ZA,2020-08-23 03:05:12,-33.29,23.49,48.78,43,0,5.73
302,Toktogul,KG,2020-08-23 03:05:13,41.87,72.94,73.83,35,0,0.69
303,Weligama,LK,2020-08-23 03:01:08,5.97,80.42,82.87,76,44,4.05
304,Mataram,ID,2020-08-23 03:05:13,-8.58,116.12,87.8,48,20,11.41
305,Sao Felix Do Xingu,BR,2020-08-23 03:05:14,-6.64,-51.99,75.49,38,5,0.16
306,Haines Junction,CA,2020-08-23 03:05:14,60.75,-137.51,63.64,63,99,4.18
307,Pucallpa,PE,2020-08-23 03:05:15,-8.38,-74.55,65.12,80,0,2.15
308,Vilyuysk,RU,2020-08-23 03:05:15,63.76,121.62,56.88,41,0,7.05
309,Kruisfontein,ZA,2020-08-23 03:05:15,-34.0,24.73,49.24,92,0,6.71
310,Ziyang,CN,2020-08-23 03:05:16,29.25,117.85,94.87,53,0,2.04
311,Lazaro Cardenas,MX,2020-08-23 03:05:17,17.96,-102.2,80.55,85,6,3.22
312,Yeppoon,AU,2020-08-23 03:05:17,-23.13,150.73,69.8,18,0,10.29
313,Maniitsoq,GL,2020-08-23 03:05:17,65.42,-52.9,46.49,87,12,3.87
314,Shimoda,JP,2020-08-23 03:05:18,34.67,138.95,78.8,88,75,4.7
315,Inhambane,MZ,2020-08-23 03:05:18,-23.86,35.38,61.34,79,0,1.41
316,Zastron,ZA,2020-08-23 03:05:19,-30.3,27.08,37.45,74,0,4.21
317,Begun,IN,2020-08-23 03:05:19,24.98,75.0,79.88,82,35,7.05
318,Ferkessedougou,CI,2020-08-23 03:05:20,9.6,-5.2,70.25,95,81,2.82
319,Wana,PK,2020-08-23 03:05:20,32.3,69.57,76.28,67,65,3.18
320,Aklavik,CA,2020-08-23 03:05:20,68.22,-135.01,69.8,46,40,5.82
321,Cockburn Town,TC,2020-08-23 03:05:21,21.46,-71.14,84.2,80,100,28.21
322,Vestmannaeyjar,IS,2020-08-23 03:05:22,63.44,-20.27,51.39,77,1,3.87
323,Emba,KZ,2020-08-23 03:00:43,48.83,58.14,65.8,45,100,7.18
324,Bako,ET,2020-08-23 03:05:23,5.78,36.57,64.78,74,99,6.8
325,Luderitz,NA,2020-08-23 03:05:24,-26.65,15.16,59.74,36,0,10.89
326,Kumbo,CM,2020-08-23 03:05:25,6.2,10.67,59.47,97,100,1.88
327,Launceston,AU,2020-08-23 03:05:26,-41.45,147.17,54.0,76,40,6.93
328,Millbrook,US,2020-08-23 03:04:05,32.48,-86.36,77.0,94,40,4.21
329,Old Saybrook,US,2020-08-23 03:00:35,41.29,-72.38,75.0,94,1,4.7
330,Alyangula,AU,2020-08-23 03:05:27,-13.85,136.42,84.2,32,0,12.75
331,Kenai,US,2020-08-23 03:05:27,60.55,-151.26,66.2,72,1,13.87
332,Bengkulu,ID,2020-08-23 03:05:28,-3.8,102.27,84.76,63,87,1.77
333,Linden,GY,2020-08-23 03:05:28,6.0,-58.3,75.2,100,3,2.48
334,Fallon,US,2020-08-23 03:04:03,39.47,-118.78,93.2,8,1,3.36
335,Sung Noen,TH,2020-08-23 03:05:29,14.9,101.82,80.6,83,20,11.41
336,Christchurch,NZ,2020-08-23 03:05:29,-43.53,172.63,55.4,76,57,11.41
337,Kariba,ZW,2020-08-23 03:05:30,-16.52,28.8,56.82,74,2,4.63
338,Springbok,ZA,2020-08-23 03:05:30,-29.66,17.89,51.48,40,0,6.53
339,Hirara,JP,2020-08-23 03:05:31,24.8,125.28,77.0,100,75,23.04
340,Bella Union,UY,2020-08-23 03:05:31,-30.28,-57.6,45.3,74,0,8.97
341,Debica,PL,2020-08-23 03:01:25,50.05,21.41,68.0,94,75,10.29
342,Hoshcha,UA,2020-08-23 03:05:32,50.6,26.67,60.01,82,5,7.81
343,Ewo,CG,2020-08-23 03:05:33,-0.87,14.82,74.3,86,100,3.56
344,Wellington,NZ,2020-08-23 03:03:22,-41.29,174.78,57.2,76,84,3.36
345,Pressbaum,AT,2020-08-23 03:05:34,48.18,16.05,66.0,29,100,6.71
346,Nakusp,CA,2020-08-23 03:05:34,50.25,-117.8,54.0,91,67,1.01
347,Pontianak,ID,2020-08-23 03:05:34,-0.03,109.33,88.21,65,99,2.24
348,Puerto Madero,MX,2020-08-23 03:05:35,14.72,-92.42,75.2,100,90,6.44
349,Inongo,CD,2020-08-23 03:05:35,-1.95,18.27,68.2,92,100,3.89
350,Papara,BR,2020-08-23 03:05:36,-3.98,-38.73,79.0,78,75,18.34
351,Mahebourg,MU,2020-08-23 03:05:36,-20.41,57.7,69.8,83,75,8.05
352,Boras,SE,2020-08-23 03:05:36,57.72,12.94,57.2,87,40,11.41
353,Haimen,CN,2020-08-23 03:05:37,23.19,116.61,87.8,66,20,4.47
354,Nuuk,GL,2020-08-23 03:05:37,64.18,-51.72,41.0,100,45,1.12
355,Zyryanka,RU,2020-08-23 03:05:38,65.75,150.85,43.25,65,100,14.12
356,Howard Springs,AU,2020-08-23 03:05:38,-12.5,131.05,91.0,33,0,10.29
357,Domoni,KM,2020-08-23 03:00:44,-12.26,44.53,73.62,71,97,4.52
358,Priboj,BA,2020-08-23 03:02:02,44.6,18.93,60.8,93,8,1.12
359,Corrales,US,2020-08-23 03:05:39,35.24,-106.61,89.01,24,44,11.43
360,Kuznechnoye,RU,2020-08-23 03:05:40,61.12,29.87,60.01,95,100,11.83
361,Mozarlandia,BR,2020-08-23 03:05:40,-14.74,-50.57,68.0,54,0,8.14
362,Nishihara,JP,2020-08-23 03:05:41,26.18,127.76,84.2,78,90,14.99
363,Mongoumba,CF,2020-08-23 03:05:41,3.64,18.59,70.84,94,100,2.1
364,Prieska,ZA,2020-08-23 03:05:41,-29.66,22.75,48.11,45,0,3.58
365,Richards Bay,ZA,2020-08-23 03:05:42,-28.78,32.04,59.14,74,0,7.67
366,Lesnoye,RU,2020-08-23 03:05:42,58.28,35.52,54.75,87,72,5.99
367,Merauke,ID,2020-08-23 03:05:43,-8.47,140.33,81.81,64,7,14.14
368,Port Hardy,CA,2020-08-23 03:05:43,50.7,-127.42,60.8,82,75,6.93
369,Labuan,MY,2020-08-23 03:05:43,5.28,115.24,84.2,83,20,2.24
370,Kaitangata,NZ,2020-08-23 03:03:06,-46.28,169.85,51.01,82,69,21.0
371,Pouembout,NC,2020-08-23 03:05:44,-21.13,164.9,77.09,63,90,7.43
372,Semme,FR,2020-08-23 03:05:45,46.2,1.5,57.2,93,40,3.36
373,Najran,SA,2020-08-23 03:05:45,17.49,44.13,84.2,25,75,3.29
374,Airai,TL,2020-08-23 03:05:45,-8.93,125.41,77.72,32,41,6.76
375,Griffith,US,2020-08-23 03:02:12,41.53,-87.42,73.99,73,1,4.85
376,Talnakh,RU,2020-08-23 03:05:46,69.49,88.4,60.8,63,100,8.95
377,Olinda,BR,2020-08-23 03:05:36,-8.01,-34.86,78.8,74,75,9.17
378,Umm Lajj,SA,2020-08-23 03:05:47,25.02,37.27,80.71,68,0,6.8
379,San Quintin,MX,2020-08-23 03:05:48,30.48,-115.95,75.58,72,1,2.06
380,Ankang,CN,2020-08-23 03:05:49,32.68,109.02,82.92,65,97,4.0
381,Karpathos,GR,2020-08-23 03:03:03,35.51,27.21,75.2,88,0,18.34
382,Port Lincoln,AU,2020-08-23 03:05:49,-34.73,135.87,55.62,49,22,9.86
383,Yar-Sale,RU,2020-08-23 03:05:50,66.83,70.83,51.49,95,94,12.19
384,Muscatine,US,2020-08-23 03:05:50,41.47,-91.13,73.99,88,90,7.94
385,Palmer,US,2020-08-23 03:05:51,42.16,-72.33,70.0,77,20,1.25
386,Nome,US,2020-08-23 03:05:51,64.5,-165.41,53.6,93,90,11.41
387,Juneau,US,2020-08-23 03:05:51,58.3,-134.42,59.0,87,90,10.29
388,Faanui,PF,2020-08-23 03:05:52,-16.48,-151.75,76.17,81,4,20.71
389,Acari,PE,2020-08-23 03:05:52,-15.43,-74.62,61.34,66,49,2.82
390,Hope,US,2020-08-23 03:05:52,33.67,-93.59,77.0,67,4,3.13
391,Ulaangom,MN,2020-08-23 03:05:53,49.98,92.07,62.26,53,100,6.29
392,Inta,RU,2020-08-23 03:05:53,66.03,60.17,47.19,85,92,3.8
393,Zarechnyy,RU,2020-08-23 03:05:54,53.2,45.19,54.0,54,0,2.84
394,Dire Dawa,ET,2020-08-23 03:05:54,9.59,41.87,68.67,65,98,19.89
395,Dhidhdhoo,MV,2020-08-23 03:05:55,6.88,73.1,82.74,73,90,5.23
396,Viedma,AR,2020-08-23 03:05:55,-40.81,-63.0,53.01,37,0,8.01
397,Sinaloa,MX,2020-08-23 03:05:55,25.0,-107.5,87.8,74,75,6.93
398,Yala,TH,2020-08-23 03:02:04,6.33,101.25,86.0,70,20,2.24
399,Khovu-Aksy,RU,2020-08-23 03:05:56,51.13,93.6,59.94,53,51,1.92
400,Port Macquarie,AU,2020-08-23 03:05:57,-31.43,152.92,64.4,27,0,19.46
401,Chama,CH,2020-08-23 03:05:57,47.18,8.46,66.0,88,90,1.92
402,Padang,ID,2020-08-23 03:05:58,-0.95,100.35,83.03,71,100,2.98
403,Mount Isa,AU,2020-08-23 03:05:58,-20.73,139.5,71.6,18,25,14.99
404,Ngawen,ID,2020-08-23 03:05:58,-7.0,111.31,88.16,49,0,5.19
405,Atikokan,CA,2020-08-23 03:05:59,48.76,-91.62,64.98,91,50,6.67
406,Sovetskiy,RU,2020-08-23 03:05:59,61.36,63.58,52.86,78,0,8.03
407,Opuwo,NA,2020-08-23 03:06:00,-18.06,13.84,56.34,35,0,6.11
408,Saquena,PE,2020-08-23 03:06:00,-4.67,-73.52,66.36,79,0,1.63
409,South Venice,US,2020-08-23 03:06:00,27.05,-82.42,78.01,94,90,10.29
410,Salta,AR,2020-08-23 03:06:01,-24.79,-65.41,44.6,52,12,4.7
411,Omsukchan,RU,2020-08-23 03:06:01,62.53,155.8,36.23,87,100,12.17
412,Maposeni,TZ,2020-08-23 03:06:02,-10.58,35.4,59.0,93,40,8.05
413,Grindavik,IS,2020-08-23 03:06:03,63.84,-22.43,48.2,93,24,6.93
414,Tongchuan,CN,2020-08-23 03:03:00,35.08,109.09,75.29,69,99,5.77
415,Severo-Yeniseyskiy,RU,2020-08-23 03:06:04,60.37,93.04,57.45,88,0,5.48
416,Yenagoa,NG,2020-08-23 03:06:04,4.92,6.26,73.94,92,99,4.0
417,Henties Bay,NA,2020-08-23 03:06:05,-22.12,14.28,62.01,65,0,1.01
418,Soroti,UG,2020-08-23 03:06:05,1.71,33.61,67.17,87,100,2.26
419,George,ZA,2020-08-23 03:05:32,-33.96,22.46,53.6,100,90,5.82
420,Arinos,BR,2020-08-23 03:06:06,-15.92,-46.11,64.2,76,39,3.58
421,Arlit,NE,2020-08-23 03:06:06,18.74,7.39,90.75,40,67,12.28
422,Agadir,MA,2020-08-23 03:06:06,30.42,-9.6,75.2,69,81,5.82
423,Saskylakh,RU,2020-08-23 03:06:07,71.92,114.08,51.49,48,0,7.58
424,Plettenberg Bay,ZA,2020-08-23 03:06:07,-34.05,23.37,53.8,86,13,7.09
425,Georgetown,MY,2020-08-23 03:06:08,5.41,100.34,87.8,74,20,5.82
426,La Ronge,CA,2020-08-23 03:06:08,55.1,-105.28,57.2,93,90,19.46
427,Dolores,AR,2020-08-23 03:06:08,-36.31,-57.68,45.43,80,0,9.48
428,Andros Town,BS,2020-08-23 03:06:09,24.7,-77.77,86.0,74,40,13.87
429,Vostok,RU,2020-08-23 03:06:09,46.49,135.88,72.03,49,100,3.49
430,Alta Floresta,BR,2020-08-23 03:06:10,-9.88,-56.09,74.75,43,20,2.89
431,Marsa Matruh,EG,2020-08-23 03:06:10,31.35,27.25,77.0,69,0,6.93
432,Sao Paulo Do Potengi,BR,2020-08-23 03:06:11,-5.89,-35.76,78.8,94,40,3.36
433,Birjand,IR,2020-08-23 03:06:11,32.87,59.22,80.6,6,0,9.17
434,Longyearbyen,SJ,2020-08-23 03:01:37,78.22,15.64,35.6,74,69,9.17
435,Samana,DO,2020-08-23 03:06:13,19.21,-69.34,77.86,91,100,25.77
436,Qaqortoq,GL,2020-08-23 03:02:39,60.72,-46.03,42.8,75,0,4.7
437,Todos Santos,MX,2020-08-23 03:06:14,23.45,-110.22,78.01,84,47,1.99
438,Mehamn,NO,2020-08-23 03:06:14,71.04,27.85,58.51,84,47,15.12
439,Klaksvik,FO,2020-08-23 03:06:15,62.23,-6.59,44.6,87,90,14.99
440,Zhigalovo,RU,2020-08-23 03:06:15,54.81,105.16,73.0,40,28,4.07
441,Kabanjahe,ID,2020-08-23 03:06:16,3.1,98.49,91.4,27,40,2.24
442,Nguruka,TZ,2020-08-23 03:06:16,-5.11,31.04,65.75,51,72,7.16
443,Jackson,US,2020-08-23 03:06:17,42.42,-122.83,89.6,24,1,8.05
444,Ust-Maya,RU,2020-08-23 03:02:06,60.42,134.53,60.98,33,0,6.53
445,Lata,PT,2020-08-23 03:06:18,40.16,-8.33,64.99,95,1,5.99
446,Manjacaze,MZ,2020-08-23 03:06:18,-24.71,33.88,54.99,96,0,4.36
447,Honiara,SB,2020-08-23 03:06:18,-9.43,159.95,87.8,70,90,18.34
448,Svetlogorsk,BY,2020-08-23 03:06:19,52.63,29.73,53.76,81,0,7.31
449,Norton Shores,US,2020-08-23 03:06:19,43.17,-86.26,73.4,69,75,4.7
450,Ville-Marie,CA,2020-08-23 03:06:20,47.33,-79.43,66.2,68,75,2.24
451,Krasnyy Yar,RU,2020-08-23 03:06:20,46.53,48.35,62.6,55,99,6.71
452,Bereda,ES,2020-08-23 03:06:20,43.27,-7.54,57.99,100,1,1.01
453,Dryden,CA,2020-08-23 03:06:21,49.78,-92.75,64.4,93,90,8.05
454,Acarau,BR,2020-08-23 03:06:21,-2.89,-40.12,76.78,86,9,14.54
455,Kulhudhuffushi,MV,2020-08-23 03:06:22,6.62,73.07,83.03,72,80,4.81
456,Svetlaya,RU,2020-08-23 03:06:22,46.54,138.33,71.69,58,23,7.85
457,Ahipara,NZ,2020-08-23 03:06:23,-35.17,173.17,59.94,86,85,14.81
458,Gazanjyk,TM,2020-08-23 03:06:23,39.24,55.52,75.33,67,2,15.79
459,Lambarene,GA,2020-08-23 03:06:24,-0.7,10.24,73.83,80,100,4.45
460,San Francisco,US,2020-08-23 03:01:24,37.77,-122.42,71.6,60,75,12.75
461,Liseleje,DK,2020-08-23 03:06:24,56.01,11.95,63.0,100,2,8.99
462,Mingshui,CN,2020-08-23 03:06:25,36.72,117.5,87.01,67,35,6.17
463,Kungalv,SE,2020-08-23 03:06:25,57.87,11.98,60.01,86,41,3.0
464,Belaya Gora,RU,2020-08-23 03:06:26,68.53,146.42,41.68,67,100,8.48
465,Salmon Arm,CA,2020-08-23 03:06:26,50.7,-119.3,72.0,73,68,1.72
466,Urbana,US,2020-08-23 03:06:26,40.11,-88.21,70.0,88,1,2.37
467,Alto Araguaia,BR,2020-08-23 03:06:27,-17.31,-53.22,58.8,71,3,6.78
468,Alugan,PH,2020-08-23 03:06:27,12.22,125.48,84.15,78,100,7.29
469,Laupheim,DE,2020-08-23 03:06:28,48.23,9.88,60.8,93,51,4.7
470,Jati,PK,2020-08-23 03:06:28,24.35,68.27,86.63,75,97,15.39
471,Alice Springs,AU,2020-08-23 03:01:43,-23.7,133.88,75.0,28,0,9.17
472,Iquique,CL,2020-08-23 03:05:20,-20.22,-70.14,60.8,67,90,4.7
473,Itaituba,BR,2020-08-23 03:06:29,-4.28,-55.98,76.35,45,8,0.87
474,Sunndalsora,NO,2020-08-23 03:06:30,62.68,8.55,53.6,76,100,18.34
475,Kidal,ML,2020-08-23 03:06:30,18.44,1.41,87.64,47,0,10.96
476,Luena,AO,2020-08-23 03:06:31,-11.78,19.92,59.14,46,19,4.94
477,Huallanca,PE,2020-08-23 03:06:31,-9.9,-76.94,46.04,73,61,1.52
478,Ohafia,NG,2020-08-23 03:06:32,5.62,7.83,71.87,100,100,3.85
479,Salina Cruz,MX,2020-08-23 03:06:32,16.17,-95.2,79.36,79,91,2.24
480,Lexington Park,US,2020-08-23 03:06:33,38.27,-76.45,75.99,94,1,6.93
481,Tuy Hoa,VN,2020-08-23 03:06:33,13.08,109.3,88.48,62,100,3.58
482,Rio Gallegos,AR,2020-08-23 03:06:34,-51.62,-69.22,35.6,69,53,10.29
483,Contamana,PE,2020-08-23 03:06:34,-7.33,-75.02,65.93,77,0,1.66
484,Mbandaka,CD,2020-08-23 03:06:34,0.05,18.26,69.39,97,100,1.23
485,Pinheiro Machado,BR,2020-08-23 03:06:35,-31.58,-53.38,41.0,72,0,13.0
486,Suclayin,PH,2020-08-23 03:06:35,15.76,121.55,92.07,53,100,2.21
487,Wajir,KE,2020-08-23 03:06:36,1.75,40.06,72.37,75,98,13.56
488,Castrillon,ES,2020-08-23 03:06:36,43.4,-6.79,64.4,82,90,2.06
489,Antofagasta,CL,2020-08-23 03:06:37,-23.65,-70.4,55.4,76,90,5.82
490,Ornskoldsvik,SE,2020-08-23 03:06:37,63.29,18.72,57.2,93,28,5.82
491,Ola,RU,2020-08-23 03:06:38,59.58,151.28,54.61,47,98,3.53
492,Tolaga Bay,NZ,2020-08-23 03:06:38,-38.37,178.3,60.76,82,30,10.98
493,Acapulco,MX,2020-08-23 03:05:54,16.86,-99.89,84.2,79,75,2.24
494,Nouadhibou,MR,2020-08-23 03:06:39,20.93,-17.03,73.4,83,80,10.29
495,Banjarmasin,ID,2020-08-23 03:06:39,-3.32,114.59,87.8,62,40,5.64
496,Vuktyl,RU,2020-08-23 03:06:40,63.86,57.31,50.04,84,99,5.73
497,Clyde River,CA,2020-08-23 03:06:40,70.47,-68.59,44.19,88,61,8.77
498,Erdenet,MN,2020-08-23 03:06:40,49.03,104.08,62.58,61,20,11.7
499,Sulina,RO,2020-08-23 03:06:41,45.16,29.65,70.39,76,0,7.7
500,Arona,ES,2020-08-23 03:06:41,28.1,-16.68,82.0,44,0,20.8
501,Bathsheba,BB,2020-08-23 03:06:42,13.22,-59.52,80.6,88,40,9.17
502,Augusto Correa,BR,2020-08-23 03:06:42,-1.02,-46.63,75.7,93,3,3.42
503,Sibolga,ID,2020-08-23 03:01:53,1.74,98.78,81.99,65,94,2.17
504,Fort Walton Beach,US,2020-08-23 03:05:57,30.41,-86.62,82.99,78,40,5.82
505,Northam,GB,2020-08-23 03:06:43,51.03,-4.22,60.01,91,89,11.01
506,Alekseyevka,RU,2020-08-23 03:06:44,50.63,38.69,57.11,68,0,4.88
507,Burla,IN,2020-08-23 03:06:44,21.5,83.87,78.8,100,90,4.32
508,San Patricio,MX,2020-08-23 03:06:45,19.22,-104.7,80.01,88,51,3.15
509,Geraldton,AU,2020-08-23 03:06:45,-28.77,114.6,66.2,77,75,11.41
510,Santa Barbara,US,2020-08-23 03:06:46,34.42,-119.7,80.01,69,1,4.7
511,Camacha,PT,2020-08-23 03:06:46,33.08,-16.33,73.4,73,20,9.17
512,Naze,JP,2020-08-23 03:06:47,28.37,129.48,89.6,74,75,5.82
513,Chitrakonda,IN,2020-08-23 03:06:47,18.12,82.08,80.44,76,89,4.0
514,Qinnan,CN,2020-08-23 03:06:48,33.25,119.91,86.77,71,0,5.3
515,Chara,RU,2020-08-23 03:06:49,56.91,118.26,62.53,58,100,2.84
516,Tatawin,TN,2020-08-23 03:06:50,32.93,10.45,78.8,39,0,3.36
517,Paamiut,GL,2020-08-23 03:06:50,61.99,-49.67,42.64,92,22,10.65
518,Pingxiang,CN,2020-08-23 03:06:50,27.62,113.85,93.18,56,0,1.72
519,Celestun,MX,2020-08-23 03:06:51,20.87,-90.4,81.73,82,4,10.54
520,Nakatunguru,TZ,2020-08-23 03:06:51,-2.12,33.07,71.83,64,98,16.44
521,Andenes,NO,2020-08-23 03:03:04,69.31,16.12,57.2,93,100,4.7
522,Kot Samaba,PK,2020-08-23 03:06:52,28.55,70.47,96.66,42,3,12.62
523,Orsha,BY,2020-08-23 03:06:53,54.52,30.41,54.39,81,48,10.65
524,Tessalit,ML,2020-08-23 03:06:53,20.2,1.01,90.36,39,2,14.79
525,Mercedes,AR,2020-08-23 03:06:53,-34.65,-59.43,48.99,52,0,1.01
526,Kalmunai,LK,2020-08-23 03:06:54,7.42,81.82,84.92,63,0,11.72
527,Tabuk,PH,2020-08-23 03:06:54,17.42,121.44,87.28,64,85,4.05
528,Bosaso,SO,2020-08-23 03:06:55,11.28,49.18,89.71,40,72,18.34
529,Korla,CN,2020-08-23 03:06:55,41.76,86.15,81.39,29,1,5.55
530,Bulolo,PG,2020-08-23 03:06:55,-7.2,146.65,84.54,56,14,1.03
531,Baykit,RU,2020-08-23 03:06:56,61.67,96.37,58.48,87,100,3.15
532,Taft,IR,2020-08-23 03:06:56,31.75,54.21,84.2,11,0,6.93
533,Gobabis,NA,2020-08-23 03:06:57,-22.45,18.97,51.44,60,0,10.38
534,Fairbanks,US,2020-08-23 03:06:57,64.84,-147.72,73.4,38,40,3.44
535,Weston,US,2020-08-23 03:03:44,26.1,-80.4,86.0,79,1,9.17
536,Tari,NG,2020-08-23 03:06:58,12.41,4.49,74.91,86,1,7.58
537,San Carlos De Bariloche,AR,2020-08-23 03:06:58,-41.15,-71.31,33.8,64,3,4.7
538,Saint-Augustin,CA,2020-08-23 03:06:59,51.23,-58.65,55.0,89,56,6.4
539,Khurja,IN,2020-08-23 03:06:59,28.25,77.85,81.93,77,0,14.43
540,Port-Gentil,GA,2020-08-23 03:06:59,-0.72,8.78,74.68,82,100,11.23
541,Eseka,CM,2020-08-23 03:05:04,3.65,10.77,71.51,96,100,1.25
542,Hualmay,PE,2020-08-23 03:07:01,-11.1,-77.61,59.99,82,91,6.64
543,Boma,GH,2020-08-23 03:07:01,7.08,-2.17,69.66,96,73,3.18
544,Le Locle,CH,2020-08-23 03:07:02,47.06,6.75,63.0,87,69,3.36
545,Seoul,KR,2020-08-23 03:02:18,37.57,126.98,82.4,74,75,6.02
546,Macon,US,2020-08-23 03:07:03,39.87,-88.97,69.01,82,1,5.28
547,Havre,FR,2020-08-23 03:07:03,49.58,0.33,62.6,72,75,21.92
548,Nowy Dwor Gdanski,PL,2020-08-23 03:07:04,54.21,19.12,62.6,93,44,5.82
549,Ternate,ID,2020-08-23 03:07:04,0.8,127.4,84.0,70,89,6.89
550,Villa Carlos Paz,AR,2020-08-23 03:07:05,-31.42,-64.5,53.01,33,0,11.41
551,Marana,US,2020-08-23 03:07:05,32.44,-111.23,93.0,38,0,8.1
552,Pali,IN,2020-08-23 03:05:07,25.77,73.33,84.97,71,9,9.1
553,Katete,UG,2020-08-23 03:07:06,-0.78,29.75,62.89,74,65,2.53
554,Sinnamary,GF,2020-08-23 03:07:06,5.38,-52.95,78.96,85,1,7.29
555,Novyy Urengoy,RU,2020-08-23 03:03:40,66.08,76.63,58.28,72,26,10.02
556,Sabha,LY,2020-08-23 03:07:07,27.04,14.43,74.34,51,0,11.59
557,Bose,IT,2020-08-23 03:07:08,45.46,8.01,73.0,69,77,3.0
558,Muli,MV,2020-08-23 03:07:08,2.92,73.57,83.8,67,14,6.26
559,Lima,PE,2020-08-23 03:03:30,-12.04,-77.03,60.8,82,90,8.05
560,Kendari,ID,2020-08-23 03:07:09,-3.94,122.5,83.48,60,53,5.28
561,Marzuq,YE,2020-08-23 03:07:09,14.4,46.47,78.4,57,86,8.66
562,Anori,BR,2020-08-23 03:07:10,-3.77,-61.64,71.83,63,0,1.77
563,Samarai,PG,2020-08-23 03:07:10,-10.62,150.67,77.47,71,37,13.6
564,General Elizardo Aquino,PY,2020-08-23 03:07:11,-24.43,-56.7,49.3,80,0,5.32
565,Sawtell,AU,2020-08-23 03:07:11,-30.38,153.1,66.2,22,0,18.34
566,Walvis Bay,NA,2020-08-23 03:07:12,-22.96,14.51,62.01,66,0,5.06
567,Hambantota,LK,2020-08-23 03:07:12,6.12,81.12,82.4,88,20,6.93
568,Culpeper,US,2020-08-23 03:07:13,38.5,-77.97,71.6,94,1,3.15
569,Miri,MY,2020-08-23 03:02:16,4.41,114.01,84.2,79,40,4.7
570,Anse-Bertrand,GP,2020-08-23 03:07:14,16.47,-61.51,80.6,88,20,2.24
=======
0,Martapura,ID,2020-08-22 16:29:16,-3.42,114.85,80.6,83,36,1.12
1,Sao Joao Da Barra,BR,2020-08-22 16:26:25,-21.64,-41.05,66.2,93,90,9.17
2,Avarua,CK,2020-08-22 16:29:17,-21.21,-159.78,71.6,78,22,5.82
3,Severo-Kurilsk,RU,2020-08-22 16:29:17,50.68,156.12,48.99,88,22,11.05
4,Lagoa,PT,2020-08-22 16:29:18,39.05,-27.98,71.96,70,0,7.58
5,Dongsheng,CN,2020-08-22 16:29:18,39.82,109.98,67.06,82,100,15.43
6,Mataura,NZ,2020-08-22 16:29:19,-46.19,168.86,41.0,97,80,1.72
7,Norman Wells,CA,2020-08-22 16:29:19,65.28,-126.83,57.2,71,75,11.41
8,Yellowknife,CA,2020-08-22 16:25:39,62.46,-114.35,52.0,76,75,12.75
9,Cayenne,GF,2020-08-22 16:27:46,4.93,-52.33,89.6,59,0,5.82
10,Bluff,NZ,2020-08-22 16:29:21,-46.6,168.33,41.0,97,48,9.6
11,Tura,IN,2020-08-22 16:29:21,25.52,90.22,74.61,96,21,6.93
12,Albany,US,2020-08-22 16:29:21,42.6,-73.97,82.0,68,0,4.32
13,Atuona,PF,2020-08-22 16:29:22,-9.8,-139.03,78.96,75,6,20.45
14,Ushuaia,AR,2020-08-22 16:29:22,-54.8,-68.3,41.0,80,75,4.7
15,Rikitea,PF,2020-08-22 16:29:22,-23.12,-134.97,66.31,71,100,18.95
16,Hobart,AU,2020-08-22 16:29:23,-42.88,147.33,44.6,81,90,11.41
17,Vestmannaeyjar,IS,2020-08-22 16:29:23,63.44,-20.27,53.6,76,0,9.17
18,Northam,GB,2020-08-22 16:29:24,51.03,-4.22,64.99,78,9,17.0
19,Sinnamary,GF,2020-08-22 16:29:24,5.38,-52.95,87.37,58,0,7.96
20,Bilibino,RU,2020-08-22 16:29:24,68.05,166.44,40.66,87,100,8.08
21,Kalianget,ID,2020-08-22 16:29:25,-7.05,113.93,80.58,79,89,13.0
22,Cape Town,ZA,2020-08-22 16:29:25,-33.93,18.42,66.99,77,0,13.87
23,Thompson,CA,2020-08-22 16:27:29,55.74,-97.86,46.4,93,90,9.17
24,Manggar,ID,2020-08-22 16:29:26,-2.88,108.27,81.46,82,82,12.86
25,Arraial Do Cabo,BR,2020-08-22 16:25:44,-22.97,-42.03,66.2,77,90,6.93
26,Alexandria,EG,2020-08-22 16:27:30,31.22,29.96,84.2,74,40,11.41
27,Hermanus,ZA,2020-08-22 16:29:27,-34.42,19.23,60.01,84,0,1.99
28,Vaini,TO,2020-08-22 16:29:28,-21.2,-175.2,73.4,100,40,5.82
29,Nikolskoye,RU,2020-08-22 16:29:28,59.7,30.79,70.0,56,97,8.95
30,New Norfolk,AU,2020-08-22 16:29:28,-42.78,147.06,44.01,89,98,3.0
31,Nanortalik,GL,2020-08-22 16:29:29,60.14,-45.24,48.31,68,39,3.27
32,Punta Arenas,CL,2020-08-22 16:29:29,-53.15,-70.92,44.6,70,40,14.99
33,Szikszo,HU,2020-08-22 16:29:30,48.2,20.93,82.4,54,0,8.05
34,Port Blair,IN,2020-08-22 16:29:30,11.67,92.75,82.27,80,100,9.64
35,Katsuura,JP,2020-08-22 16:29:30,35.13,140.3,78.01,94,75,10.29
36,Evanston,US,2020-08-22 16:27:35,42.04,-87.69,82.99,45,40,11.41
37,Dikson,RU,2020-08-22 16:29:31,73.51,80.55,47.07,76,24,12.84
38,Jamestown,US,2020-08-22 16:26:32,42.1,-79.24,82.0,57,1,4.7
39,Ilulissat,GL,2020-08-22 16:29:32,69.22,-51.1,42.8,75,20,3.36
40,Tocok,PH,2020-08-22 16:29:33,15.75,120.3,78.13,79,97,2.39
41,Hervey Bay,AU,2020-08-22 16:25:59,-25.3,152.85,59.0,41,0,8.05
42,Robertsport,LR,2020-08-22 16:29:33,6.75,-11.37,77.99,86,100,13.42
43,Cabo San Lucas,MX,2020-08-22 16:25:11,22.89,-109.91,89.6,62,20,3.36
44,Palmer,US,2020-08-22 16:29:34,42.16,-72.33,86.0,51,75,5.82
45,Letka,RU,2020-08-22 16:29:35,59.6,49.42,57.6,81,72,4.47
46,Coquimbo,CL,2020-08-22 16:29:35,-29.95,-71.34,51.8,81,90,4.7
47,Antofagasta,CL,2020-08-22 16:28:56,-23.65,-70.4,60.8,63,35,8.05
48,Berlevag,NO,2020-08-22 16:29:36,70.86,29.09,62.89,72,42,26.42
49,Ribeira Grande,PT,2020-08-22 16:29:36,38.52,-28.7,75.2,73,20,6.93
50,Provideniya,RU,2020-08-22 16:29:37,64.38,-173.3,48.63,95,100,6.4
51,Klaksvik,FO,2020-08-22 16:29:37,62.23,-6.59,48.2,87,100,31.09
52,Fairbanks,US,2020-08-22 16:26:10,64.84,-147.72,55.4,82,90,8.05
53,Puerto Ayora,EC,2020-08-22 16:29:40,-0.74,-90.35,71.6,73,40,12.75
54,Aguililla,MX,2020-08-22 16:29:41,18.73,-102.73,76.03,81,96,2.68
55,Iqaluit,CA,2020-08-22 16:27:24,63.75,-68.51,50.0,61,20,5.82
56,Busselton,AU,2020-08-22 16:29:41,-33.65,115.33,54.0,79,90,10.4
57,Barguzin,RU,2020-08-22 16:29:42,53.62,109.62,55.81,85,92,2.01
58,Constitucion,CL,2020-08-22 16:29:43,-35.33,-72.42,62.69,54,0,4.14
59,Luderitz,NA,2020-08-22 16:29:43,-26.65,15.16,72.59,21,0,8.01
60,Kahului,US,2020-08-22 16:29:43,20.89,-156.47,78.8,74,40,11.41
61,Bardiyah,LY,2020-08-22 16:29:44,31.76,25.09,80.69,63,0,16.46
62,Ulladulla,AU,2020-08-22 16:29:44,-35.35,150.47,48.2,61,75,17.22
63,Hithadhoo,MV,2020-08-22 16:29:45,-0.6,73.08,83.62,78,0,13.8
64,Matara,LK,2020-08-22 16:29:45,5.95,80.54,79.29,87,73,5.86
65,Grand Gaube,MU,2020-08-22 16:29:45,-20.01,57.66,69.01,79,0,7.0
66,Afonso Bezerra,BR,2020-08-22 16:29:46,-5.5,-36.51,99.07,16,0,11.81
67,Chokurdakh,RU,2020-08-22 16:29:46,70.63,147.92,32.58,97,100,5.26
68,Olafsvik,IS,2020-08-22 16:29:46,64.89,-23.71,53.1,61,0,7.47
69,Mercedes,AR,2020-08-22 16:29:47,-34.65,-59.43,62.01,26,0,14.0
70,Port Alfred,ZA,2020-08-22 16:29:47,-33.59,26.89,64.06,57,0,3.36
71,Barrow,US,2020-08-22 16:29:48,71.29,-156.79,39.2,93,90,21.92
72,Rio Gallegos,AR,2020-08-22 16:29:48,-51.62,-69.22,51.8,53,75,20.8
73,Burnie,AU,2020-08-22 16:29:49,-41.07,145.92,46.0,72,64,18.01
74,Bredasdorp,ZA,2020-08-22 16:29:49,-34.53,20.04,60.8,77,0,9.17
75,Hilo,US,2020-08-22 16:29:50,19.73,-155.09,73.4,88,90,6.93
76,Vao,NC,2020-08-22 16:29:50,-22.67,167.48,72.21,87,2,10.69
77,Lena,ES,2020-08-22 16:29:51,43.1,-5.73,72.0,61,92,7.0
78,Coahuayana,MX,2020-08-22 16:29:51,18.73,-103.68,77.0,83,75,1.01
79,Krasnozerskoye,RU,2020-08-22 16:29:51,53.98,79.24,58.48,74,100,5.86
80,Pisco,PE,2020-08-22 16:29:52,-13.7,-76.22,61.0,87,90,3.36
81,Antsohihy,MG,2020-08-22 16:29:52,-14.88,47.99,76.46,50,30,11.1
82,Mar Del Plata,AR,2020-08-22 16:29:53,-38.0,-57.56,60.8,48,0,14.99
83,Ust-Tsilma,RU,2020-08-22 16:29:54,65.44,52.15,60.1,75,61,2.42
84,Upernavik,GL,2020-08-22 16:29:54,72.79,-56.15,44.01,73,90,9.62
85,Saint George,US,2020-08-22 16:29:32,37.1,-113.58,88.0,32,1,3.36
86,Saldanha,ZA,2020-08-22 16:29:55,-33.01,17.94,60.8,72,0,9.17
87,College,US,2020-08-22 16:29:55,64.86,-147.8,55.4,76,75,5.82
88,Tirukkoyilur,IN,2020-08-22 16:29:56,11.95,79.2,82.24,79,88,9.93
89,Oksfjord,NO,2020-08-22 16:29:56,70.24,22.35,68.0,72,75,38.03
90,Castro,BR,2020-08-22 16:29:57,-24.79,-50.01,51.87,69,71,9.66
91,Mahebourg,MU,2020-08-22 16:29:57,-20.41,57.7,71.6,78,40,12.75
92,Butaritari,KI,2020-08-22 16:29:57,3.07,172.79,82.26,67,98,5.79
93,Talaya,RU,2020-08-22 16:29:58,61.38,152.75,32.9,93,99,4.88
94,Placido De Castro,BR,2020-08-22 16:29:58,-10.34,-67.19,67.51,37,83,6.08
95,Lososina,RU,2020-08-22 16:29:59,49.0,140.31,60.48,77,100,3.44
96,Santa Marta,CO,2020-08-22 16:26:42,11.24,-74.2,87.8,74,75,13.87
97,Hasaki,JP,2020-08-22 16:26:46,35.73,140.83,78.8,88,75,5.82
98,Hofn,IS,2020-08-22 16:30:00,64.25,-15.21,51.98,61,97,3.49
99,Ketchikan,US,2020-08-22 16:28:38,55.34,-131.65,57.2,93,90,11.41
100,Karatuzskoye,RU,2020-08-22 16:30:00,53.61,92.87,51.19,91,1,3.42
101,Marsa Matruh,EG,2020-08-22 16:30:01,31.35,27.25,80.6,69,75,11.41
102,Georgetown,MY,2020-08-22 16:30:01,5.41,100.34,80.6,88,20,2.24
103,Adrar,MR,2020-08-22 16:30:02,20.5,-10.07,111.15,7,22,17.29
104,Tianpeng,CN,2020-08-22 16:30:02,30.99,103.94,78.01,99,76,3.02
105,Muzaffarabad,PK,2020-08-22 16:30:03,34.37,73.47,75.18,67,4,2.06
106,Tiksi,RU,2020-08-22 16:30:03,71.69,128.87,40.24,91,100,6.55
107,Telenesti,MD,2020-08-22 16:30:04,47.5,28.37,88.0,28,26,5.82
108,Alofi,NU,2020-08-22 16:30:05,-19.06,-169.92,73.4,100,31,4.7
109,Anadyr,RU,2020-08-22 16:30:05,64.75,177.48,50.0,93,75,6.71
110,Harper,LR,2020-08-22 16:30:06,4.38,-7.72,77.68,83,99,12.53
111,Boende,CD,2020-08-22 16:30:06,-0.22,20.87,75.04,91,100,3.06
112,Pacific Grove,US,2020-08-22 16:30:05,36.62,-121.92,64.4,77,90,3.36
113,Baiyin,CN,2020-08-22 16:30:07,36.56,104.21,73.0,93,90,8.95
114,Paamiut,GL,2020-08-22 16:30:07,61.99,-49.67,44.24,89,1,11.27
115,Touros,BR,2020-08-22 16:30:08,-5.2,-35.46,84.2,58,40,14.99
116,Half Moon Bay,US,2020-08-22 16:28:11,37.46,-122.43,71.01,93,90,4.7
117,Vila Velha,BR,2020-08-22 16:30:09,-20.33,-40.29,66.2,93,75,21.92
118,Margate,GB,2020-08-22 16:30:09,51.38,1.39,71.01,54,72,7.0
119,Yerbogachen,RU,2020-08-22 16:30:09,61.28,108.01,52.39,67,92,6.89
120,Kapaa,US,2020-08-22 16:30:10,22.08,-159.32,78.8,74,1,14.99
121,Beringovskiy,RU,2020-08-22 16:30:10,63.05,179.32,50.86,91,82,11.34
122,Leshan,CN,2020-08-22 16:30:11,29.56,103.76,75.65,85,88,2.66
123,Baixa Grande,BR,2020-08-22 16:30:11,-11.96,-40.17,82.76,46,17,10.6
124,Areosa,PT,2020-08-22 16:30:12,41.72,-8.86,77.0,64,42,14.99
125,Satipo,PE,2020-08-22 16:30:12,-11.25,-74.64,85.59,40,53,0.63
126,Ishigaki,JP,2020-08-22 16:30:13,24.34,124.16,83.64,82,100,30.87
127,Beverwijk,NL,2020-08-22 16:30:13,52.48,4.65,70.0,55,29,5.01
128,Beloha,MG,2020-08-22 16:30:14,-25.17,45.05,62.47,72,4,10.69
129,San Juan,AR,2020-08-22 16:30:14,-31.54,-68.54,66.47,21,0,5.14
130,Taltal,CL,2020-08-22 16:30:14,-25.4,-70.48,59.54,61,38,3.98
131,Cabedelo,BR,2020-08-22 16:26:21,-6.98,-34.83,80.6,78,75,16.11
132,Bengkulu,ID,2020-08-22 16:30:15,-3.8,102.27,77.29,89,93,4.36
133,Marawi,PH,2020-08-22 16:30:16,8.0,124.29,75.99,95,56,4.0
134,Suleja,NG,2020-08-22 16:30:16,9.18,7.18,84.2,70,75,5.82
135,Necochea,AR,2020-08-22 16:30:17,-38.55,-58.74,59.34,43,0,16.42
136,Lebu,CL,2020-08-22 16:30:18,-37.62,-73.65,54.27,73,0,11.05
137,Dubbo,AU,2020-08-22 16:30:18,-32.25,148.62,39.2,93,5,12.75
138,San Quintin,MX,2020-08-22 16:30:19,30.48,-115.95,80.24,63,0,10.47
139,Terrace,CA,2020-08-22 16:29:37,54.52,-128.6,55.4,87,90,14.99
140,Brazzaville,CG,2020-08-22 16:30:20,-4.27,15.28,80.6,65,40,8.05
141,Flin Flon,CA,2020-08-22 16:30:20,54.77,-101.86,55.4,87,90,8.05
142,Nouadhibou,MR,2020-08-22 16:30:20,20.93,-17.03,86.0,48,0,16.11
143,Ahipara,NZ,2020-08-22 16:30:21,-35.17,173.17,54.25,92,8,5.5
144,Kaabong,UG,2020-08-22 16:30:21,3.48,34.15,69.08,65,32,6.76
145,Svetlyy,RU,2020-08-22 16:30:22,54.67,20.13,69.8,88,75,6.71
146,Ritchie,ZA,2020-08-22 16:30:22,-29.04,24.6,68.0,16,0,3.36
147,Narsaq,GL,2020-08-22 16:30:22,60.92,-46.05,53.6,62,20,5.82
148,Saint-Francois,FR,2020-08-22 16:30:23,46.42,3.91,81.0,36,39,9.17
149,Souillac,MU,2020-08-22 16:30:23,-20.52,57.52,71.6,78,40,12.75
150,Astana,KZ,2020-08-22 16:27:54,51.18,71.45,51.8,87,30,6.71
151,Tasiilaq,GL,2020-08-22 16:30:24,65.61,-37.64,51.8,57,20,10.29
152,East London,ZA,2020-08-22 16:30:24,-33.02,27.91,69.15,41,0,8.75
153,Saskylakh,RU,2020-08-22 16:30:25,71.92,114.08,37.06,81,6,5.23
154,Boshnyakovo,RU,2020-08-22 16:30:25,49.63,142.17,56.41,69,100,7.9
155,Qaanaaq,GL,2020-08-22 16:30:26,77.48,-69.36,38.8,75,98,2.17
156,Lata,PT,2020-08-22 16:30:26,40.16,-8.33,84.0,43,0,8.21
157,Grindavik,IS,2020-08-22 16:30:26,63.84,-22.43,55.4,58,0,11.41
158,San Carlos Del Zulia,VE,2020-08-22 16:30:27,9.0,-71.91,89.37,60,65,4.5
159,Kaitangata,NZ,2020-08-22 16:30:27,-46.28,169.85,50.0,83,79,8.01
160,Carnarvon,AU,2020-08-22 16:30:28,-24.87,113.63,68.0,72,85,10.29
161,Bambous Virieux,MU,2020-08-22 16:30:28,-20.34,57.76,71.6,78,40,12.75
162,Pokosnoye,RU,2020-08-22 16:30:28,55.53,101.05,54.75,85,56,2.17
163,Srednekolymsk,RU,2020-08-22 16:30:29,67.45,153.68,36.73,83,100,12.57
164,Severomuysk,RU,2020-08-22 16:25:38,56.15,113.43,49.8,80,99,3.83
165,Kalamazoo,US,2020-08-22 16:30:10,42.25,-85.55,84.2,39,1,6.93
166,Kruisfontein,ZA,2020-08-22 16:30:30,-34.0,24.73,66.99,49,0,5.08
167,Nizhnetroitskiy,RU,2020-08-22 16:30:30,54.34,53.68,52.77,92,6,5.28
168,Vila Franca Do Campo,PT,2020-08-22 16:30:31,37.72,-25.43,77.0,78,20,6.93
169,Viedma,AR,2020-08-22 16:30:31,-40.81,-63.0,67.06,24,0,21.34
170,Bronnoysund,NO,2020-08-22 16:30:32,65.46,12.2,62.6,88,100,14.99
171,Turukhansk,RU,2020-08-22 16:30:32,65.82,87.98,56.97,84,100,7.54
172,Aklavik,CA,2020-08-22 16:30:32,68.22,-135.01,50.0,93,90,8.05
173,Rawson,AR,2020-08-22 16:29:35,-43.3,-65.1,61.57,31,0,8.3
174,Te Anau,NZ,2020-08-22 16:30:33,-45.42,167.72,39.96,89,100,0.78
175,Hvide Sande,DK,2020-08-22 16:30:34,56.0,8.13,66.0,78,26,4.0
176,Nijar,ES,2020-08-22 16:30:34,36.97,-2.21,84.0,83,0,5.82
177,Tuktoyaktuk,CA,2020-08-22 16:30:35,69.45,-133.04,44.6,93,40,10.29
178,Caohai,CN,2020-08-22 16:30:35,26.87,104.28,59.31,96,11,7.7
179,Chelno-Vershiny,RU,2020-08-22 16:30:36,54.43,51.1,54.64,84,2,6.13
180,Namatanai,PG,2020-08-22 16:30:36,-3.67,152.43,78.6,83,5,5.55
181,Gizo,SB,2020-08-22 16:30:37,-8.1,156.84,82.49,82,99,18.34
182,Sabinas Hidalgo,MX,2020-08-22 16:30:37,26.5,-100.17,94.64,27,0,10.02
183,Acapulco,MX,2020-08-22 16:26:45,16.86,-99.89,84.2,74,75,2.24
184,Bethel,US,2020-08-22 16:29:47,41.37,-73.41,84.2,48,1,3.36
185,Sioux Lookout,CA,2020-08-22 16:30:38,50.1,-91.92,75.2,73,75,5.82
186,Praia,CV,2020-08-22 16:30:39,14.92,-23.51,84.2,70,20,10.29
187,Merauke,ID,2020-08-22 16:30:39,-8.47,140.33,73.47,87,0,11.56
188,Khatanga,RU,2020-08-22 16:30:40,71.97,102.5,49.87,77,0,7.43
189,Comodoro Rivadavia,AR,2020-08-22 16:30:40,-45.87,-67.5,64.4,31,40,40.26
190,Vilhena,BR,2020-08-22 16:29:10,-12.74,-60.15,77.0,41,24,8.05
191,Nykoping,SE,2020-08-22 16:30:41,58.75,17.01,75.2,47,100,17.22
192,Mount Isa,AU,2020-08-22 16:30:42,-20.73,139.5,60.8,31,32,8.05
193,Athabasca,CA,2020-08-22 16:30:02,54.72,-113.29,55.45,91,100,18.3
194,Fortuna,US,2020-08-22 16:30:42,40.6,-124.16,61.0,100,90,5.82
195,Saint-Philippe,RE,2020-08-22 16:30:43,-21.36,55.77,69.8,72,30,5.82
196,Hukuntsi,BW,2020-08-22 16:30:43,-24.0,21.75,60.78,33,0,7.72
197,Kodiak,US,2020-08-22 16:30:44,57.79,-152.41,53.6,76,1,6.93
198,Beboto,TD,2020-08-22 16:30:44,8.27,16.94,72.97,95,100,1.7
199,Cherskiy,RU,2020-08-22 16:30:44,68.75,161.3,38.46,92,100,19.77
200,Saint-Joseph,RE,2020-08-22 16:30:45,-21.37,55.62,68.0,72,15,5.82
201,Sitka,US,2020-08-22 16:30:45,57.05,-135.33,55.4,93,90,0.2
202,Bria,CF,2020-08-22 16:30:45,6.54,21.99,72.93,93,100,3.78
203,Ancud,CL,2020-08-22 16:30:46,-41.87,-73.82,50.0,100,90,13.87
204,Zyryanka,RU,2020-08-22 16:28:24,65.75,150.85,37.17,82,100,11.1
205,Bilma,NE,2020-08-22 16:30:47,18.69,12.92,101.21,24,58,5.19
206,Lyubech,UA,2020-08-22 16:30:47,51.7,30.66,64.08,68,11,6.24
207,Nome,US,2020-08-22 16:30:47,64.5,-165.41,51.8,87,90,9.17
208,Dingle,PH,2020-08-22 16:30:48,11.0,122.67,76.86,89,49,1.54
209,Torbay,CA,2020-08-22 16:30:48,47.67,-52.73,68.0,68,75,8.05
210,Shakawe,BW,2020-08-22 16:30:49,-18.37,21.85,75.54,27,24,6.87
211,Rosenberg,SK,2020-08-22 16:30:49,49.07,19.31,84.2,48,20,5.82
212,Sangar,RU,2020-08-22 16:30:50,63.92,127.47,40.23,79,5,3.44
213,Pevek,RU,2020-08-22 16:28:42,69.7,170.31,38.71,96,100,7.31
214,Rivadavia,AR,2020-08-22 16:30:50,-33.19,-68.46,57.2,17,0,5.82
215,Saint-Augustin,CA,2020-08-22 16:30:51,51.23,-58.65,62.85,69,93,0.4
216,Port Stanley,FK,2020-08-22 16:30:51,-51.7,-57.85,48.2,70,75,8.05
217,Sao Filipe,CV,2020-08-22 16:30:52,14.9,-24.5,79.36,76,72,3.18
218,Kieta,PG,2020-08-22 16:30:52,-6.22,155.63,78.75,75,98,3.15
219,Toora-Khem,RU,2020-08-22 16:30:53,52.47,96.11,44.49,89,97,2.68
220,Mayor Pablo Lagerenza,PY,2020-08-22 16:30:53,-19.93,-60.77,60.4,35,95,3.13
221,Gat,IL,2020-08-22 16:30:54,31.61,34.76,84.0,48,0,1.01
222,Leningradskiy,RU,2020-08-22 16:30:54,69.38,178.42,42.37,92,93,4.34
223,Vikhorevka,RU,2020-08-22 16:30:55,56.12,101.16,60.8,67,32,6.71
224,Trud,BG,2020-08-22 16:30:55,42.23,24.73,93.2,26,20,4.7
225,Port Elizabeth,ZA,2020-08-22 16:30:55,-33.92,25.57,62.6,51,0,10.29
226,Hamilton,US,2020-08-22 16:26:50,39.18,-84.53,82.0,69,75,2.86
227,Florence,IT,2020-08-22 16:30:56,43.77,11.25,93.2,36,0,10.29
228,Ambilobe,MG,2020-08-22 16:30:57,-13.2,49.05,70.86,70,66,6.55
229,Bow Island,CA,2020-08-22 16:30:57,49.87,-111.37,78.8,34,20,14.99
230,Takoradi,GH,2020-08-22 16:30:57,4.88,-1.76,78.13,80,19,13.62
231,Igarka,RU,2020-08-22 16:30:58,67.47,86.58,54.91,76,45,6.89
232,Kavieng,PG,2020-08-22 16:30:59,-2.57,150.8,81.12,77,4,3.51
233,Tarko-Sale,RU,2020-08-22 16:30:59,64.92,77.78,52.0,94,100,9.01
234,Requena,ES,2020-08-22 16:31:00,39.49,-1.1,88.0,51,0,7.0
235,Czersk,PL,2020-08-22 16:31:00,53.8,17.98,69.01,87,100,1.01
236,Dwarka,IN,2020-08-22 16:31:00,22.24,68.97,81.99,90,100,19.48
237,Wageningen,NL,2020-08-22 16:28:12,51.97,5.67,70.0,88,75,4.7
238,Indramayu,ID,2020-08-22 16:31:01,-6.33,108.32,81.12,75,63,12.46
239,Kidal,ML,2020-08-22 16:26:04,18.44,1.41,103.42,18,12,8.95
240,Kavaratti,IN,2020-08-22 16:31:03,10.57,72.64,82.8,79,14,12.01
241,Ciudad Bolivar,VE,2020-08-22 16:31:03,8.12,-63.55,84.06,65,94,5.53
242,Araouane,ML,2020-08-22 16:31:04,18.9,-3.53,110.21,8,64,23.42
243,Kamthi,IN,2020-08-22 16:31:05,21.23,79.2,77.0,94,90,4.7
244,Umm Kaddadah,SD,2020-08-22 16:31:05,13.6,26.69,94.42,34,53,5.35
245,Sasaguri,JP,2020-08-22 16:31:06,33.62,130.53,79.0,88,91,8.05
246,Big Rapids,US,2020-08-22 16:31:07,43.7,-85.48,82.0,51,1,5.82
247,Moose Factory,CA,2020-08-22 16:31:08,51.26,-80.61,62.6,82,90,4.7
248,Mayumba,GA,2020-08-22 16:31:09,-3.43,10.66,74.44,81,79,6.11
249,Furmanov,RU,2020-08-22 16:31:09,57.25,41.11,68.0,72,25,0.78
250,Esperance,AU,2020-08-22 16:31:10,-33.87,121.9,51.8,81,83,13.87
251,Pa Sang,TH,2020-08-22 16:31:11,18.53,98.94,77.0,94,40,2.24
252,Koygorodok,RU,2020-08-22 16:31:11,60.45,51.0,53.8,82,45,2.93
253,Alberton,CA,2020-08-22 16:31:11,46.82,-64.07,67.89,48,0,5.53
254,Clyde River,CA,2020-08-22 16:31:12,70.47,-68.59,49.24,72,82,7.43
255,Huarmey,PE,2020-08-22 16:31:12,-10.07,-78.15,68.16,61,7,11.65
256,Japoata,BR,2020-08-22 16:31:13,-10.35,-36.8,79.92,63,97,10.27
257,Westport,US,2020-08-22 16:29:14,41.14,-73.36,84.0,65,1,9.17
258,Lavrentiya,RU,2020-08-22 16:31:13,65.58,-171.0,45.88,96,100,10.45
259,Caldwell,US,2020-08-22 16:31:14,43.66,-116.69,71.01,60,1,9.17
260,Banda Aceh,ID,2020-08-22 16:31:14,5.56,95.32,79.56,80,43,7.76
261,Evensk,RU,2020-08-22 16:28:59,61.95,159.23,43.29,72,98,12.53
262,Mattru,SL,2020-08-22 16:31:15,7.62,-11.83,75.27,95,96,5.14
263,West Wendover,US,2020-08-22 16:31:15,40.74,-114.07,78.8,12,1,5.82
264,Namibe,AO,2020-08-22 16:31:16,-15.2,12.15,66.2,72,90,17.22
265,Poum,NC,2020-08-22 16:31:16,-20.23,164.02,71.49,72,6,1.28
266,Cidreira,BR,2020-08-22 16:31:17,-30.18,-50.21,57.13,58,0,7.07
267,Mwingi,KE,2020-08-22 16:31:17,-0.93,38.06,71.26,56,99,10.76
268,Pascagoula,US,2020-08-22 16:31:18,30.37,-88.56,87.8,62,20,1.28
269,Yanliang,CN,2020-08-22 16:31:18,34.66,109.23,73.99,94,2,2.24
270,Naze,JP,2020-08-22 16:31:19,28.37,129.48,80.6,94,100,2.24
271,Khudaganj,IN,2020-08-22 16:31:19,28.15,79.72,80.01,88,0,11.5
272,Pasewalk,DE,2020-08-22 16:31:19,53.51,13.99,77.0,72,99,6.4
273,Venado Tuerto,AR,2020-08-22 16:31:20,-33.75,-61.97,62.56,29,0,17.31
274,Itaueira,BR,2020-08-22 16:31:20,-7.6,-43.03,100.04,21,0,6.35
275,Mangrol,IN,2020-08-22 16:31:20,21.12,70.12,81.91,87,100,18.75
276,Sao Paulo De Olivenca,BR,2020-08-22 16:31:21,-3.38,-68.87,81.1,45,0,4.41
277,Inirida,CO,2020-08-22 16:31:21,3.87,-67.92,75.96,93,100,3.13
278,Coihueco,CL,2020-08-22 16:31:22,-36.62,-71.83,57.2,54,0,4.7
279,Eirunepe,BR,2020-08-22 16:31:22,-6.66,-69.87,75.47,41,52,4.94
280,Qasigiannguit,GL,2020-08-22 16:31:23,68.82,-51.19,42.8,75,20,3.36
281,Gorontalo,ID,2020-08-22 16:31:23,0.54,123.06,75.96,89,96,4.85
282,Kondinskoye,RU,2020-08-22 16:31:12,59.65,67.41,52.43,86,55,6.2
283,Avera,US,2020-08-22 16:31:24,33.19,-82.53,80.6,54,90,5.82
284,Praya,CV,2020-08-22 16:30:39,14.92,-23.51,84.2,70,20,10.29
285,Ishinomaki,JP,2020-08-22 16:31:25,38.42,141.3,72.55,93,93,4.5
286,Linqiong,CN,2020-08-22 16:31:25,30.42,103.46,75.2,100,40,2.28
287,Joshimath,IN,2020-08-22 16:31:26,30.57,79.57,65.43,58,39,0.65
288,Tiznit,MA,2020-08-22 16:31:26,29.58,-9.5,97.45,17,21,7.61
289,Sisophon,KH,2020-08-22 16:31:27,13.59,102.97,77.34,89,95,5.86
290,Pierre,US,2020-08-22 16:29:32,44.37,-100.35,87.01,69,1,3.36
291,Brigham City,US,2020-08-22 16:31:27,41.51,-112.02,79.0,33,1,3.36
292,Shangzhi,CN,2020-08-22 16:31:28,45.22,127.97,58.26,88,100,1.5
293,Salalah,OM,2020-08-22 16:31:28,17.02,54.09,77.0,100,90,4.7
294,Yar-Sale,RU,2020-08-22 16:31:29,66.83,70.83,51.62,89,0,8.43
295,Port Augusta,AU,2020-08-22 16:31:30,-32.5,137.77,42.01,86,23,8.05
296,Morro Bay,US,2020-08-22 16:31:19,35.37,-120.85,73.99,83,90,1.01
297,Lorengau,PG,2020-08-22 16:31:31,-2.02,147.27,81.07,75,19,2.28
298,Harnosand,SE,2020-08-22 16:31:19,62.63,17.94,75.2,44,39,13.87
299,Andrelandia,BR,2020-08-22 16:31:32,-21.74,-44.31,53.58,83,99,11.41
300,Portland,US,2020-08-22 16:29:19,45.52,-122.68,64.4,88,75,9.17
301,Acambaro,MX,2020-08-22 16:31:32,20.03,-100.73,73.99,73,75,4.09
302,Bathsheba,BB,2020-08-22 16:31:33,13.22,-59.52,87.8,74,20,14.99
303,Hami,CN,2020-08-22 16:31:33,42.8,93.45,80.91,23,79,7.7
304,Muroto,JP,2020-08-22 16:31:34,33.28,134.15,82.04,77,90,6.69
305,Wakkanai,JP,2020-08-22 16:31:34,45.41,141.67,63.3,79,45,10.0
306,Moctezuma,MX,2020-08-22 16:31:34,29.8,-109.67,85.82,54,65,0.78
307,Presidencia Roque Saenz Pena,AR,2020-08-22 16:31:35,-26.79,-60.44,65.73,26,0,7.25
308,Chudovo,RU,2020-08-22 16:31:35,59.12,31.68,63.25,71,99,6.29
309,Sangmelima,CM,2020-08-22 16:31:35,2.93,11.98,72.55,93,63,3.18
310,Trat,TH,2020-08-22 16:31:36,12.5,102.5,77.63,90,94,4.54
311,Pangnirtung,CA,2020-08-22 16:31:36,66.15,-65.71,50.0,81,20,8.05
312,Puerto Leguizamo,CO,2020-08-22 16:31:37,-0.19,-74.78,71.87,87,100,3.53
313,Charlestown,AU,2020-08-22 16:30:24,-32.95,151.67,48.0,71,4,8.99
314,Asyut,EG,2020-08-22 16:31:37,27.18,31.18,89.6,40,0,13.87
315,Soyo,AO,2020-08-22 16:31:38,-6.13,12.37,78.8,69,75,6.93
316,Nuevitas,CU,2020-08-22 16:31:38,21.55,-77.26,87.8,70,40,10.29
317,Lasa,IT,2020-08-22 16:31:39,46.62,10.7,64.0,100,75,6.93
318,Whitehorse,CA,2020-08-22 16:31:03,60.72,-135.05,54.0,93,75,2.24
319,Mahibadhoo,MV,2020-08-22 16:31:39,3.78,72.97,84.65,65,27,6.49
320,Kota Kinabalu,MY,2020-08-22 16:31:40,5.97,116.07,77.0,94,20,3.36
321,Marsh Harbour,BS,2020-08-22 16:31:40,26.54,-77.06,85.39,72,33,16.98
322,San Patricio,MX,2020-08-22 16:31:41,19.22,-104.7,86.0,74,75,4.76
323,Shingu,JP,2020-08-22 16:31:41,33.73,135.98,75.24,89,93,4.07
324,Umm Lajj,SA,2020-08-22 16:31:41,25.02,37.27,86.25,56,9,4.76
325,Porto De Moz,BR,2020-08-22 16:31:42,-1.75,-52.24,98.85,34,0,3.22
326,La Ronge,CA,2020-08-22 16:31:42,55.1,-105.28,59.0,87,90,11.41
327,Savonlinna,FI,2020-08-22 16:31:43,61.87,28.88,66.2,68,99,11.41
328,Mitzic,GA,2020-08-22 16:31:43,0.78,11.55,74.35,88,100,2.19
329,Faanui,PF,2020-08-22 16:31:43,-16.48,-151.75,77.04,80,24,25.37
330,Kenai,US,2020-08-22 16:31:44,60.55,-151.26,54.0,93,1,2.1
331,Wadena,US,2020-08-22 16:31:44,46.44,-95.14,71.6,100,90,5.41
332,Victoria,HK,2020-08-22 16:30:08,22.29,114.16,84.0,74,95,6.85
333,Norfolk,US,2020-08-22 16:31:45,42.17,-71.25,87.01,45,1,4.88
334,Solvychegodsk,RU,2020-08-22 16:31:45,61.33,46.92,60.87,84,33,4.97
335,Yulara,AU,2020-08-22 16:31:46,-25.24,130.99,53.6,34,0,5.82
336,Muros,ES,2020-08-22 16:31:46,42.78,-9.06,82.99,53,20,6.93
337,Sabya,SA,2020-08-22 16:29:31,17.15,42.63,91.4,63,75,8.05
338,Along,IN,2020-08-22 16:31:47,28.17,94.77,73.26,89,61,0.92
339,Vardo,NO,2020-08-22 16:31:47,70.37,31.11,59.5,77,81,17.43
340,General Jose Eduvigis Diaz,PY,2020-08-22 16:31:48,-27.17,-58.42,66.2,20,0,9.17
341,North Bend,US,2020-08-22 16:31:49,43.41,-124.22,64.0,82,20,3.36
342,Cuenca,EC,2020-08-22 16:27:49,-2.88,-78.98,57.2,93,90,2.24
343,Corn Island,NI,2020-08-22 16:31:50,12.17,-83.04,80.87,78,76,5.99
344,Buala,SB,2020-08-22 16:31:51,-8.14,159.59,80.64,82,100,7.11
345,Port Macquarie,AU,2020-08-22 16:30:53,-31.43,152.92,54.0,45,0,8.99
346,Mount Pleasant,US,2020-08-22 16:31:51,32.79,-79.86,84.99,74,1,5.3
347,Soligalich,RU,2020-08-22 16:31:52,59.08,42.29,59.09,74,23,2.68
348,Atikokan,CA,2020-08-22 16:31:52,48.76,-91.62,79.86,50,52,5.91
349,Morwa,IN,2020-08-22 16:31:53,22.9,73.83,77.32,95,100,14.7
350,Batagay-Alyta,RU,2020-08-22 16:31:53,67.8,130.41,30.02,97,86,2.08
351,Port Lincoln,AU,2020-08-22 16:31:54,-34.73,135.87,50.31,73,54,12.08
352,Perbaungan,ID,2020-08-22 16:31:54,3.57,98.96,75.2,100,40,3.36
353,Bandarbeyla,SO,2020-08-22 16:31:54,9.49,50.81,77.23,76,99,34.11
354,Ponta Do Sol,PT,2020-08-22 16:31:55,32.67,-17.1,78.8,65,20,18.34
355,Sao Jose Da Coroa Grande,BR,2020-08-22 16:31:55,-8.9,-35.15,79.12,72,9,11.07
356,Hambantota,LK,2020-08-22 16:31:56,6.12,81.12,82.4,88,75,9.17
357,Airai,TL,2020-08-22 16:31:56,-8.93,125.41,56.5,61,65,3.91
358,Corowa,AU,2020-08-22 16:31:56,-36.03,146.38,42.01,92,25,3.0
359,Gambiran,ID,2020-08-22 16:31:57,-6.8,111.5,74.95,78,29,5.55
360,Panama City,PA,2020-08-22 16:31:58,8.99,-79.52,84.99,88,40,2.24
361,Machala,EC,2020-08-22 16:31:58,-3.27,-79.97,71.6,94,90,5.82
362,Batemans Bay,AU,2020-08-22 16:31:58,-35.72,150.18,39.99,84,65,5.99
363,Caravelas,BR,2020-08-22 16:31:59,-17.71,-39.25,72.28,79,98,13.38
364,Haines Junction,CA,2020-08-22 16:31:59,60.75,-137.51,53.76,84,100,1.12
365,Talant,FR,2020-08-22 16:31:59,47.34,5.01,78.01,44,45,10.29
366,Shakiso,ET,2020-08-22 16:32:00,5.75,38.92,61.12,79,95,2.98
367,Kuopio,FI,2020-08-22 16:32:00,62.89,27.68,62.6,88,90,16.11
368,Lixourion,GR,2020-08-22 16:32:01,38.2,20.43,87.8,55,0,13.87
369,Paciran,ID,2020-08-22 16:32:01,-6.88,112.38,79.41,71,47,8.39
370,Geraldton,AU,2020-08-22 16:27:42,-28.77,114.6,59.0,87,90,5.82
371,Tucuman,AR,2020-08-22 16:32:02,-26.82,-65.22,62.6,29,0,6.93
372,Mizdah,LY,2020-08-22 16:32:02,31.45,12.98,91.04,19,0,18.88
373,Sorong,ID,2020-08-22 16:32:03,-0.88,131.25,79.21,83,2,11.03
374,Saumur,FR,2020-08-22 16:32:03,47.33,-0.25,75.0,53,40,16.11
375,Zaysan,KZ,2020-08-22 16:32:04,47.47,84.87,64.27,30,72,6.44
376,Edson,CA,2020-08-22 16:30:53,53.58,-116.44,57.2,76,90,3.36
377,Todos Santos,MX,2020-08-22 16:32:05,23.45,-110.22,80.01,84,38,1.99
378,Zhezkazgan,KZ,2020-08-22 16:32:05,47.8,67.71,63.73,52,90,10.58
379,Nuuk,GL,2020-08-22 16:29:29,64.18,-51.72,42.8,100,90,3.36
380,Key West,US,2020-08-22 16:30:46,24.56,-81.78,91.4,66,20,13.87
381,Tabuk,PH,2020-08-22 16:27:06,17.42,121.44,75.81,83,100,3.33
382,Anzio,IT,2020-08-22 16:27:14,41.49,12.62,86.0,79,0,5.82
383,Burriana,ES,2020-08-22 16:32:07,39.89,-0.09,84.99,69,0,1.99
384,Smithers,CA,2020-08-22 16:32:08,54.78,-127.17,51.8,87,75,3.24
385,Kathmandu,NP,2020-08-22 16:29:37,27.72,85.32,71.6,94,75,3.36
386,Alvand,IR,2020-08-22 16:32:08,36.32,49.17,55.33,93,22,7.87
387,Guangyuan,CN,2020-08-22 16:32:09,32.44,105.82,69.01,96,67,4.0
388,Chiredzi,ZW,2020-08-22 16:32:10,-21.05,31.67,63.81,50,27,4.03
389,Brewster,US,2020-08-22 16:31:14,41.4,-73.62,89.01,48,1,3.36
390,Watertown,US,2020-08-22 16:32:10,42.37,-71.18,86.0,51,80,5.82
391,Henties Bay,NA,2020-08-22 16:32:11,-22.12,14.28,73.99,37,0,8.32
392,Nabire,ID,2020-08-22 16:32:11,-3.37,135.48,74.23,91,21,3.6
393,Nioki,CD,2020-08-22 16:32:12,-2.72,17.68,79.14,71,95,2.44
394,Presidente Medici,BR,2020-08-22 16:32:12,-11.18,-61.9,87.37,25,0,5.84
395,Nicolas Bravo,MX,2020-08-22 16:32:12,18.45,-88.92,82.4,88,75,1.25
396,Tocopilla,CL,2020-08-22 16:32:13,-22.09,-70.2,66.51,48,10,6.2
397,Maniitsoq,GL,2020-08-22 16:32:14,65.42,-52.9,50.38,79,42,9.78
398,Vanimo,PG,2020-08-22 16:32:14,-2.67,141.3,78.62,82,29,3.83
399,Gondal,IN,2020-08-22 16:32:14,21.97,70.8,79.03,92,100,15.17
400,Saint Anthony,US,2020-08-22 16:30:07,45.02,-93.22,78.01,73,1,5.82
401,Blackfoot,US,2020-08-22 16:31:37,43.19,-112.34,73.99,36,20,4.7
402,Port Moresby,PG,2020-08-22 16:32:16,-9.44,147.18,75.2,88,75,11.41
403,Maralik,AM,2020-08-22 16:32:16,40.57,43.87,62.6,59,40,6.93
404,Laguna,US,2020-08-22 16:32:17,38.42,-121.42,75.0,68,1,3.36
405,Tautira,PF,2020-08-22 16:32:18,-17.73,-149.15,71.6,88,20,3.36
406,Hanmer Springs,NZ,2020-08-22 16:32:18,-42.52,172.82,43.09,77,79,3.49
407,Tuatapere,NZ,2020-08-22 16:32:19,-46.13,167.68,41.0,97,88,2.82
408,Codrington,AU,2020-08-22 16:32:19,-38.27,141.97,46.51,82,31,17.78
409,Tabou,CI,2020-08-22 16:32:19,4.42,-7.35,77.47,84,88,11.95
410,Clearwater,US,2020-08-22 16:30:05,27.97,-82.8,86.0,78,1,5.82
411,Kipushi,CD,2020-08-22 16:32:20,-11.77,27.23,69.84,38,49,5.55
412,Floro,NO,2020-08-22 16:32:20,61.6,5.03,60.8,87,75,17.22
413,Mount Gambier,AU,2020-08-22 16:30:55,-37.83,140.77,44.6,87,75,13.87
414,Iwaki,JP,2020-08-22 16:32:21,37.05,140.88,80.01,91,84,1.01
415,Guerrero Negro,MX,2020-08-22 16:31:10,27.98,-114.06,85.71,46,0,7.38
416,Cedar City,US,2020-08-22 16:32:23,37.68,-113.06,82.4,28,1,8.05
417,Axim,GH,2020-08-22 16:32:23,4.87,-2.24,78.06,80,19,12.01
418,Tondon,GN,2020-08-22 16:32:24,10.37,-13.35,76.17,92,99,3.49
419,Keti Bandar,PK,2020-08-22 16:32:24,24.14,67.45,84.9,82,100,8.37
420,Jalu,LY,2020-08-22 16:32:25,29.03,21.55,91.36,22,0,9.53
421,Dawson Creek,CA,2020-08-22 16:32:26,55.77,-120.24,55.4,66,20,17.22
422,Damabalas,PH,2020-08-22 16:32:26,7.02,124.51,73.24,95,15,1.23
423,Miram Shah,PK,2020-08-22 16:32:27,33.01,70.07,84.38,58,37,5.99
424,Millau,FR,2020-08-22 16:32:27,44.08,2.92,84.99,46,0,16.11
425,Ust-Ordynskiy,RU,2020-08-22 16:32:28,52.8,104.75,57.2,100,75,3.09
426,Bartow,US,2020-08-22 16:32:29,27.9,-81.84,88.0,74,75,6.93
427,Isla Vista,US,2020-08-22 16:32:29,34.41,-119.86,80.01,79,45,1.01
428,Ambulu,ID,2020-08-22 16:32:30,-8.35,113.61,73.33,89,33,2.82
429,Killybegs,IE,2020-08-22 16:32:30,54.63,-8.45,64.0,87,90,21.92
430,Arvi,IN,2020-08-22 16:32:31,20.98,78.23,76.53,91,100,8.14
431,Bima,ID,2020-08-22 16:32:31,-8.47,118.72,72.41,89,5,3.44
432,Faya,SA,2020-08-22 16:32:32,18.39,42.45,73.4,78,40,8.05
433,Zarubino,RU,2020-08-22 16:32:32,42.63,131.09,65.12,93,67,3.04
434,Naziya,RU,2020-08-22 16:32:33,59.8,31.38,68.0,43,100,7.54
435,Flinders,AU,2020-08-22 16:32:33,-34.58,150.86,51.01,63,45,18.01
436,Shenzhen,CN,2020-08-22 16:29:38,22.55,114.07,84.2,79,97,8.95
437,Santa Rosa,PH,2020-08-22 16:32:34,14.31,121.11,82.99,83,79,3.36
438,Mahendragarh,IN,2020-08-22 16:32:34,28.28,76.15,84.56,71,38,8.7
439,Huanren,CN,2020-08-22 16:32:35,41.26,125.37,65.46,89,42,0.56
440,Kikwit,CD,2020-08-22 16:32:36,-5.04,18.82,82.09,61,74,2.37
441,Lompoc,US,2020-08-22 16:32:36,34.64,-120.46,66.2,72,1,4.7
442,Anito,PH,2020-08-22 16:32:37,12.45,125.29,79.09,89,35,4.41
443,Veraval,IN,2020-08-22 16:32:37,20.9,70.37,82.22,86,100,18.57
444,Busia,UG,2020-08-22 16:32:38,0.45,34.08,70.27,75,98,2.17
445,Kosh-Agach,RU,2020-08-22 16:32:38,50.0,88.67,44.28,70,4,3.11
446,Katangli,RU,2020-08-22 16:32:39,51.71,143.23,54.1,83,93,3.06
447,Nokaneng,BW,2020-08-22 16:32:40,-19.67,22.27,71.17,37,43,7.34
448,Lakes Entrance,AU,2020-08-22 16:32:40,-37.88,147.98,45.0,81,82,1.99
449,Ostrovnoy,RU,2020-08-22 16:32:40,68.05,39.51,63.27,71,2,13.51
450,Ubatuba,BR,2020-08-22 16:32:41,-23.43,-45.07,60.8,82,75,6.93
451,Fort Nelson,CA,2020-08-22 16:31:00,58.81,-122.7,57.2,93,90,9.17
452,Mackay,AU,2020-08-22 16:32:42,-21.15,149.2,51.8,81,8,2.24
453,Pine Bluff,US,2020-08-22 16:32:42,34.23,-92.0,80.6,61,1,3.36
454,Broken Hill,AU,2020-08-22 16:32:42,-31.95,141.43,42.8,75,0,11.41
455,Nagorsk,RU,2020-08-22 16:32:43,59.32,50.81,55.62,83,46,5.79
456,Wajir,KE,2020-08-22 16:32:43,1.75,40.06,87.8,43,75,11.41
457,Tilichiki,RU,2020-08-22 16:32:44,60.47,166.1,44.49,92,99,2.37
458,Chuy,UY,2020-08-22 16:32:44,-33.7,-53.46,59.38,43,0,3.06
459,Golden,US,2020-08-22 16:30:27,39.76,-105.22,84.99,18,90,4.7
460,Port Keats,AU,2020-08-22 16:32:45,-14.25,129.55,71.38,85,0,3.56
461,Erenhot,CN,2020-08-22 16:32:45,43.65,111.98,67.28,66,96,11.41
462,Idil,TR,2020-08-22 16:32:46,37.34,41.89,79.75,29,66,1.39
463,Ughelli,NG,2020-08-22 16:32:46,5.49,6.01,79.63,77,100,7.27
464,Rocha,UY,2020-08-22 16:32:47,-34.48,-54.33,61.14,42,0,3.38
465,Parintins,BR,2020-08-22 16:32:47,-2.63,-56.74,104.77,17,0,3.13
466,Bowen,AU,2020-08-22 16:32:48,-20.02,148.23,57.99,87,2,10.8
467,Kysyl-Syr,RU,2020-08-22 16:32:48,63.9,122.76,40.69,76,0,5.44
468,Sarany,RU,2020-08-22 16:32:49,58.5,58.88,47.98,97,32,3.38
469,Havelock,US,2020-08-22 16:30:06,34.88,-76.9,88.0,58,1,8.05
470,Amantea,IT,2020-08-22 16:32:50,39.13,16.07,93.99,66,4,13.87
471,Komsomolskiy,UZ,2020-08-22 16:32:51,40.43,71.72,75.2,47,0,6.93
472,Sturgis,US,2020-08-22 16:32:52,41.8,-85.42,82.4,45,1,4.7
473,San Cristobal,VE,2020-08-22 16:31:43,7.77,-72.22,91.4,43,20,19.46
474,Luanda,AO,2020-08-22 16:32:53,-8.84,13.23,73.4,83,75,6.93
475,Gambela,ET,2020-08-22 16:32:53,8.25,34.58,74.35,88,100,2.42
476,Warmbad,NA,2020-08-22 16:32:54,-28.45,18.73,70.52,20,0,11.86
477,Rundu,NA,2020-08-22 16:32:54,-17.93,19.77,72.82,21,26,4.21
478,Marzuq,YE,2020-08-22 16:32:55,14.4,46.47,84.06,48,56,8.81
479,Karratha,AU,2020-08-22 16:32:55,-20.74,116.85,69.93,56,30,8.55
480,Labuhan,ID,2020-08-22 16:32:55,-6.88,112.21,78.69,72,28,7.99
481,Cueto,CU,2020-08-22 16:32:56,20.64,-75.94,87.8,66,75,9.17
482,Iwanai,JP,2020-08-22 16:32:57,42.97,140.51,56.35,82,2,3.69
483,Chapleau,CA,2020-08-22 16:32:58,47.84,-83.4,71.6,64,75,3.36
484,Goderich,CA,2020-08-22 16:28:01,43.75,-81.72,80.01,79,0,8.43
485,Hattiesburg,US,2020-08-22 16:32:58,31.33,-89.29,84.0,65,1,8.05
486,Buchanan,LR,2020-08-22 16:32:59,5.88,-10.05,80.6,83,75,11.41
487,Bismarck,US,2020-08-22 16:32:59,46.81,-100.78,82.0,44,1,4.7
488,Sakaiminato,JP,2020-08-22 16:32:59,35.55,133.23,80.6,88,75,9.17
489,Pacifica,US,2020-08-22 16:30:13,37.61,-122.49,64.99,72,40,6.93
490,Alcazar De San Juan,ES,2020-08-22 16:33:00,39.39,-3.21,93.0,21,0,7.0
491,Padang,ID,2020-08-22 16:33:01,-0.95,100.35,78.66,81,99,4.72
492,Gallipoli,TR,2020-08-22 16:33:01,40.41,26.67,89.6,33,0,11.41
493,Mionica,BA,2020-08-22 16:33:01,44.87,18.46,91.0,39,0,4.7
494,Havre-Saint-Pierre,CA,2020-08-22 16:33:02,50.23,-63.6,64.4,59,1,13.87
495,Dakar,SN,2020-08-22 16:31:54,14.69,-17.44,86.0,74,40,9.17
496,Indianola,US,2020-08-22 16:33:03,41.36,-93.56,80.01,65,75,11.41
497,Sobolevo,RU,2020-08-22 16:33:03,54.43,31.9,59.94,81,50,4.38
498,Tezu,IN,2020-08-22 16:33:03,27.92,96.17,75.85,83,27,3.27
499,Brae,GB,2020-08-22 16:33:04,60.4,-1.35,55.4,93,75,10.29
500,Shache,CN,2020-08-22 16:33:04,38.42,77.24,78.82,23,0,8.55
501,Kushima,JP,2020-08-22 16:33:05,31.46,131.23,77.32,88,0,5.73
502,Carutapera,BR,2020-08-22 16:33:05,-1.2,-46.02,85.39,68,12,8.66
503,Davidson,US,2020-08-22 16:33:06,36.15,-86.78,75.99,73,90,4.7
504,Great Yarmouth,GB,2020-08-22 16:33:06,52.61,1.73,75.0,45,36,4.0
505,Chaiyaphum,TH,2020-08-22 16:33:06,15.75,102.0,76.55,93,100,3.4
506,Zhangye,CN,2020-08-22 16:33:07,38.93,100.45,60.22,79,100,1.99
507,Itarema,BR,2020-08-22 16:33:07,-2.92,-39.92,84.29,60,41,17.98
508,Callaway,US,2020-08-22 16:33:08,30.15,-85.57,82.99,83,75,8.05
509,Mecca,SA,2020-08-22 16:30:52,21.43,39.83,94.55,27,8,9.62
510,Strand,ZA,2020-08-22 16:33:08,-34.11,18.83,66.99,77,0,13.87
511,Tucurui,BR,2020-08-22 16:33:09,-3.77,-49.67,100.22,31,15,2.82
512,Shu,KZ,2020-08-22 16:33:09,43.6,73.76,75.99,76,56,3.0
513,Nanakuli,US,2020-08-22 16:33:10,21.39,-158.15,77.0,73,1,3.36
514,Falkenberg,SE,2020-08-22 16:33:10,56.91,12.49,71.6,64,24,23.04
515,Saryozek,KZ,2020-08-22 16:33:11,44.36,77.98,69.67,26,89,5.46
516,South River,US,2020-08-22 16:33:11,40.45,-74.39,89.01,54,100,1.01
517,Huilong,CN,2020-08-22 16:33:12,31.81,121.66,82.0,86,2,8.28
518,Nyrob,RU,2020-08-22 16:33:12,60.73,56.72,50.05,94,46,2.71
519,Baghmara,IN,2020-08-22 16:33:13,23.8,86.21,80.4,85,68,6.76
520,Waipawa,NZ,2020-08-22 16:33:13,-41.41,175.52,50.0,87,61,2.24
521,Serenje,ZM,2020-08-22 16:33:13,-13.23,30.24,57.9,67,61,4.45
522,Asekeyevo,RU,2020-08-22 16:33:14,53.57,52.8,55.47,81,6,5.23
523,Sinegorye,RU,2020-08-22 16:33:14,62.08,150.48,34.23,90,100,5.35
524,Dagua,CO,2020-08-22 16:33:15,3.66,-76.69,75.2,94,40,6.93
525,Elko,US,2020-08-22 16:33:15,41.0,-115.5,73.99,25,1,2.48
526,Muriwai Beach,NZ,2020-08-22 16:33:15,-36.82,174.45,55.0,97,27,3.0
527,Longjiang,CN,2020-08-22 16:33:16,47.33,123.18,63.37,60,100,8.16
528,Wylie,US,2020-08-22 16:32:16,33.02,-96.54,91.99,35,1,4.7
529,Chicama,PE,2020-08-22 16:33:17,-7.84,-79.15,73.2,51,10,11.21
530,Prince Rupert,CA,2020-08-22 16:29:21,54.32,-130.32,57.2,87,90,10.29
531,Wanning,CN,2020-08-22 16:33:18,18.8,110.4,80.42,83,25,2.33
532,Balikpapan,ID,2020-08-22 16:33:18,-1.27,116.83,78.85,89,99,6.24
533,Houma,US,2020-08-22 16:31:32,29.6,-90.72,89.01,55,1,6.93
534,Shamkhal,RU,2020-08-22 16:33:19,43.06,47.34,66.0,77,40,11.18
535,Weihai,CN,2020-08-22 16:33:19,37.5,122.11,71.94,84,64,2.46
536,Makakilo City,US,2020-08-22 16:33:20,21.35,-158.09,77.0,73,1,3.36
537,Bonavista,CA,2020-08-22 16:33:20,48.65,-53.11,69.01,57,0,3.0
538,Bandrele,YT,2020-08-22 16:33:21,-12.91,45.19,77.0,78,75,6.93
539,Pleasant Point,NZ,2020-08-22 16:33:21,-44.27,171.13,48.0,97,94,0.29
540,Luwuk,ID,2020-08-22 16:33:21,-0.95,122.79,76.98,81,99,5.97
541,Nizwa,OM,2020-08-22 16:33:22,22.93,57.53,89.65,44,98,10.13
542,Christchurch,NZ,2020-08-22 16:29:53,-43.53,172.63,51.01,100,90,5.82
543,Acarau,BR,2020-08-22 16:33:23,-2.89,-40.12,85.98,56,36,18.5
544,Zarinsk,RU,2020-08-22 16:33:23,53.71,84.95,58.55,68,20,6.08
545,Baymak,RU,2020-08-22 16:33:23,52.59,58.32,51.17,85,5,5.95
546,Korla,CN,2020-08-22 16:33:24,41.76,86.15,84.99,54,0,3.0
547,Lokoja,NG,2020-08-22 16:33:24,7.8,6.74,81.63,82,80,4.16
548,Bezhanitsy,RU,2020-08-22 16:33:25,56.98,29.89,62.76,76,71,6.89
549,Rantepao,ID,2020-08-22 16:33:25,-2.97,119.9,64.63,89,69,2.06
550,Hommersak,NO,2020-08-22 16:30:07,58.93,5.85,62.6,77,75,13.87
551,Narimanov,RU,2020-08-22 16:33:26,46.69,47.85,75.0,31,90,4.47
552,Colesberg,ZA,2020-08-22 16:33:26,-30.72,25.1,52.84,31,0,7.11
553,Launceston,AU,2020-08-22 16:33:27,-41.45,147.17,41.0,93,100,5.82
554,Goundam,ML,2020-08-22 16:33:27,16.41,-3.67,99.59,30,74,20.18
>>>>>>> f575ae5220233f94331a9b5d92f2fcb7ea697f97
